imu_ax, imu_ay, kf_ax, kf_ay, kf_vx, kf_w, kf_x, kf_y, stamp, 
-0.014748632907867432, 0.02182871103286743, -0.009608999942802562, -0.0, -0.00022249493355259187, 0.0, 2.7811866694073983e-05, 0.0, 1731624029958726807, 
0.010818898677825928, 0.00917816162109375, 0.001852738763990244, 2.3229876327595586e-10, -0.0002028239609890021, -1.1453220918437342e-06, 2.421494058341084e-05, 8.675008092632756e-13, 1731624030006685211, 
0.003447115421295166, 0.012531638145446777, 0.0027169710894426823, -2.998026536560289e-11, 1.5755159375120097e-05, -1.9028855660417182e-06, 2.0779710307713095e-06, 3.711247039078192e-12, 1731624030054872479, 
-0.010783910751342773, -0.005603909492492676, -0.004551269523773195, 6.084680929277461e-11, -6.574739498680851e-05, -9.254634241399656e-07, 1.1543852178907482e-05, 4.143029221670108e-12, 1731624030102986273, 
-0.025207698345184326, -0.003975391387939453, -0.01564085951186673, 1.5534392605914903e-10, -0.0005409586349950012, -2.8716414899372947e-07, 6.057382659866084e-05, -4.604530097263221e-12, 1731624030168429096, 
-0.30027973651885986, 0.4947271943092346, -0.16847670796930234, 7.36228218862583e-07, -0.005111997610845151, -0.0001440196719381613, 0.0005278945128246171, 2.330435474446902e-10, 1731624030214817549, 
-0.2610674500465393, -0.2149437665939331, -0.2178206718914162, -0.0014646362789562343, -0.009259476366306233, 0.15817700926218825, 0.0013551631402963884, -3.4076886396952662e-06, 1731624030262723800, 
-0.296125590801239, 0.2053459882736206, -0.2586792612486109, 0.00802147253139553, 0.012012430003187698, 0.667764351531447, 0.004322655492306532, -1.2001083664095202e-05, 1731624030360603798, 
0.1626417636871338, 0.1843535304069519, -0.030328286253322373, 0.05892623739835873, 0.06984237329031806, 0.8437032509393179, 0.011484780038237684, 0.0003575984770660699, 1731624030551154556, 
0.138297438621521, 0.16734856367111206, 0.06097211062091158, 0.09135988502952432, 0.09546737398100155, 0.9569749456783566, 0.020081656533176142, 0.0016637144581483358, 1731624030662723547, 
-0.3826451301574707, -0.2360234260559082, -0.180866318906083, -0.02717995258288259, -0.027510260846864393, 0.9879932703720818, 0.021989768526952377, 0.0025812047340130068, 1731624030761606481, 
-0.17699211835861206, 0.2687187194824219, -0.17450937417519247, 0.0971194801512302, 0.09525753137147414, 1.0195464731549158, 0.02719215113057561, 0.0039300816405602925, 1731624030806712416, 
-0.08772993087768555, 0.11390936374664307, -0.1274436856511919, 0.09370547690790232, 0.0943662231358731, 0.9929980642859955, 0.03648847756622511, 0.008357626077155227, 1731624030951862869, 
0.12589579820632935, 0.016545534133911133, 0.00799846329809703, 0.07063096805022535, 0.06531892796270132, 1.081324667339264, 0.04322924562284499, 0.012690769867267653, 1731624031062728926, 
0.09493875503540039, 0.013077855110168457, 0.054594147861659, 0.07731892527874058, 0.06293868239896874, 1.2284802021849677, 0.04779309004117331, 0.016387445569265923, 1731624031159608148, 
-1.6529130935668945, -0.22058779001235962, -0.8646055722875985, -0.045490112225258214, -0.032670266050355196, 1.3924010338680313, 0.0502063448555046, 0.018786456593108493, 1731624031206689888, 
0.3629220128059387, 0.5335066318511963, -0.19647842737244936, 0.2063911992913149, 0.18457163437706092, 1.1182173251480172, 0.05664200833531629, 0.025925701811633957, 1731624031351378436, 
0.3595847487449646, -0.4430502653121948, 0.0951025734490119, -0.048706901335998636, -0.04301307490433895, 1.1323743174447014, 0.060870346788095414, 0.03414734464985045, 1731624031462918919, 
-0.16498273611068726, 0.0476306676864624, -0.04129769264404179, 0.08139009321621735, 0.06360824626780115, 1.2795525421900755, 0.06103701882657747, 0.0340365156055394, 1731624031558769606, 
-1.7817810773849487, -0.06806254386901855, -0.9761369775656408, 0.03348599998992831, 0.025623488710917172, 1.3068478054536432, 0.06337922756383944, 0.04065009731054855, 1731624031606683575, 
0.3920738101005554, 0.6394197940826416, -0.2318471210704015, 0.26690433775917377, 0.25006666015987955, 1.0673327567478572, 0.06663928333132982, 0.05552200995339922, 1731624031751961377, 
-0.3007592558860779, 0.07683295011520386, -0.27111318405885365, 0.16418982822854483, 0.15558606743585635, 1.0552990440242058, 0.06792637952360665, 0.07759622580634694, 1731624031863746275, 
-0.048429787158966064, 0.46607667207717896, -0.14765484105228516, 0.26306950678728236, 0.2563866091296083, 1.026065704758768, 0.06731414572867868, 0.09894072357174158, 1731624031959663288, 
-0.054013073444366455, -0.0734022855758667, -0.10121275559097459, 0.1194452341096173, 0.12002187070139288, 0.9951955707038577, 0.06422835747928494, 0.11841672600440065, 1731624032006709007, 
0.17670214176177979, 0.29523056745529175, 0.05069956081213434, 0.2015065037063738, 0.20049459510405793, 1.0050470617514187, 0.060475796326182545, 0.13410029118176198, 1731624032153414749, 
0.11851745843887329, 0.36186158657073975, 0.08871776867612928, 0.26114493791021426, 0.2585503443361633, 1.0100351580683935, 0.052929073277198736, 0.15546809271813755, 1731624032263809064, 
0.020482003688812256, 0.1306009292602539, 0.05010692879164021, 0.20303250528906266, 0.20251393179337795, 1.0025606805966012, 0.043042198527723535, 0.17582009829935488, 1731624032359662469, 
-0.1808243989944458, 0.6619894504547119, -0.06928796757410043, 0.3767963650641508, 0.35212757301160313, 1.07005640552816, 0.02893614301416352, 0.19962659026107968, 1731624032406719472, 
0.03451961278915405, 0.4333385229110718, -0.013997377562759608, 0.34981539201505757, 0.3325061932218291, 1.052056771110067, 0.008013012502386728, 0.22707553108329226, 1731624032551138900, 
0.3188233971595764, -0.017005980014801025, 0.1602519070633877, 0.18981544790659302, 0.19435854227363494, 0.976625188098778, -0.010318844011787419, 0.2461042843128405, 1731624032663748394, 
0.8621100783348083, 0.4837363362312317, 0.5401140460035574, 0.3220428433377122, 0.31549237507533084, 1.0207626832845558, -0.027937591147531485, 0.2614104179404269, 1731624032758671261, 
0.3629453778266907, -0.05836784839630127, 0.43950080705140293, 0.18870532904851772, 0.18888548281311826, 0.9990462275770616, -0.046605572655175675, 0.27400347422877175, 1731624032806684737, 
0.007260262966156006, 0.18614166975021362, 0.20730477175401527, 0.2241131713329061, 0.22326317358323128, 1.0038071560841535, -0.06314605637259545, 0.28335644389678466, 1731624032950714462, 
-0.07494252920150757, 0.49875587224960327, 0.05871247903261448, 0.34204598300069156, 0.33608050002445716, 1.0177501609757194, -0.08820854320403007, 0.29462708080679845, 1731624033063993207, 
-0.40360599756240845, 0.4386134743690491, -0.18913327323839574, 0.354826943620592, 0.3484023842752825, 1.0184400556232511, -0.12115733615152384, 0.30533603787314506, 1731624033158717499, 
0.9742351770401001, 0.4504186511039734, 0.43606493089002, 0.37414813685059756, 0.36231146197688463, 1.03266988797188, -0.15510966059693257, 0.3123193323864384, 1731624033207722401, 
-0.08149784803390503, 0.38919299840927124, 0.15699016619938322, 0.36894030534927463, 0.36109768469217246, 1.0217188339598129, -0.18968984853312276, 0.31601091694275635, 1731624033351352760, 
-0.026210784912109375, 0.4520190358161926, 0.05883497086141927, 0.39503864411703427, 0.3805281419275194, 1.0381325336833531, -0.22610110971684824, 0.31612575494854794, 1731624033464733944, 
-0.20807552337646484, -0.02920675277709961, -0.0891622477193852, 0.22464457108306707, 0.2337148574571003, 0.9611908011637722, -0.2572107550930389, 0.3128414290649973, 1731624033510687433, 
0.7379850745201111, 0.07302510738372803, 0.354757937962536, 0.2154610779316846, 0.2304218808161749, 0.9350721258263416, -0.2794422876925874, 0.3082605847562258, 1731624033607741209, 
0.2050052285194397, 0.28026264905929565, 0.27550739310666544, 0.28440092046319615, 0.3014698247573895, 0.9433810521237749, -0.3035002816226722, 0.30111519067944414, 1731624033751136601, 
0.41313254833221436, -0.17302536964416504, 0.34491305535637645, 0.1690792385529789, 0.18393824366720518, 0.919217424185531, -0.32392427176245064, 0.29234238093200776, 1731624033862736592, 
-0.3783267140388489, 0.6999072432518005, -0.037094257787526064, 0.392372259063991, 0.41617308757345317, 0.9428102651994252, -0.35102763711146096, 0.27901118217079324, 1731624033958718148, 
-0.0005274415016174316, 0.3842700123786926, -0.018111738095924042, 0.3580196340191312, 0.39225237474044183, 0.9127277668007419, -0.3852146902102047, 0.25700035604677635, 1731624034007733554, 
-0.08401620388031006, 0.9498594999313354, -0.04833322176494173, 0.5415383908145233, 0.5575277377153653, 0.9713209840171125, -0.42325556344874626, 0.2276478384599922, 1731624034102818216, 
-0.027437686920166016, 0.6012820601463318, -0.03849171362331016, 0.48354149468432234, 0.5082130207568054, 0.9514543605440422, -0.4619599559308109, 0.19082443813612993, 1731624034216583076, 
-0.6093833446502686, 0.23922932147979736, -0.3486442833457413, 0.33415752649186187, 0.381566535374133, 0.875751659312089, -0.492077051732, 0.1562147681993272, 1731624034310679065, 
0.31390249729156494, 0.5655622482299805, 0.009640645593948116, 0.39327030988607975, 0.4382201158602913, 0.8974264203139821, -0.5166778452574509, 0.12227335849668285, 1731624034407745265, 
-0.04323720932006836, 0.6059104204177856, -0.017534563546691494, 0.4209301149919479, 0.47999492780325576, 0.8769470063327047, -0.5406989024316924, 0.08242102320450911, 1731624034551008131, 
-0.31850945949554443, 0.4038938283920288, -0.18041431272807262, 0.36849717259102316, 0.43307305684648345, 0.8508891670017901, -0.5607926860451689, 0.040796823949609116, 1731624034663734439, 
0.05658799409866333, 1.054011344909668, -0.04761693120844823, 0.5611414944141444, 0.5988042852337565, 0.9371033378545219, -0.5797233614930387, -0.008242452103807547, 1731624034712216400, 
-0.10042786598205566, 0.5269742012023926, -0.07852727050224591, 0.45204709939083204, 0.5102745505080453, 0.8858899565748671, -0.5946870994140867, -0.06183370589735113, 1731624034809554552, 
0.18251794576644897, 0.20587432384490967, 0.05810463222132213, 0.32242245052435065, 0.39208815355676974, 0.8223213264658548, -0.602652969767365, -0.10617144657807594, 1731624034903060039, 
0.551283061504364, -0.007223904132843018, 0.31973688433379277, 0.22455006291935553, 0.3031390195602202, 0.7407494529906515, -0.6057964953040658, -0.1399742254192429, 1731624035063721694, 
-0.05844748020172119, 0.498479425907135, 0.11922865636205943, 0.3170483762474771, 0.41482609158368494, 0.7642922725450536, -0.606803563016307, -0.1754397037837915, 1731624035158872488, 
0.18413501977920532, 0.6150332689285278, 0.15584338750125562, 0.3910440964770377, 0.48598175439876734, 0.8046476908599546, -0.6043950797473986, -0.21998896337804677, 1731624035207983838, 
-0.09257900714874268, 0.18734413385391235, 0.019471673136095574, 0.30419580245236927, 0.3985876959996934, 0.7631841261166357, -0.5984915016142014, -0.26262039684601673, 1731624035352156097, 
-0.4190642833709717, 0.29135847091674805, -0.21643967276184503, 0.2796563498972429, 0.381201795584147, 0.7336176091948947, -0.5902565778413866, -0.30158931323249966, 1731624035463290627, 
0.6817116141319275, 0.3527430295944214, 0.26666907209838, 0.2923831281377355, 0.40058961797458176, 0.7298819415641665, -0.5791732154767308, -0.33904526061961143, 1731624035558731033, 
-0.052897870540618896, 0.18141484260559082, 0.09343134894897359, 0.25352388834962325, 0.3685455117937885, 0.6879038822523416, -0.5660531571040153, -0.3740519474835602, 1731624035609452023, 
-0.37746673822402954, -0.1150922179222107, -0.16236483047958616, 0.16988323004013056, 0.27363420769012203, 0.6208406159237057, -0.5528053002890628, -0.40294509286598673, 1731624035752239988, 
-0.1616426706314087, 0.23053181171417236, -0.1599250737610123, 0.20995188020060937, 0.3270896444921757, 0.6418787134841, -0.5379305792545933, -0.4309417274530429, 1731624035863148885, 
-0.05598771572113037, 0.7030869126319885, -0.09947036219579275, 0.33427727128424883, 0.4713313798724522, 0.7092192150981081, -0.5156399294192336, -0.4673218872722171, 1731624035959264027, 
-0.041408002376556396, 0.489960253238678, -0.0678576488017339, 0.3435338519431087, 0.4769158654523234, 0.7203238072553728, -0.48757126323379346, -0.5062231845601172, 1731624036008770843, 
-0.36481666564941406, 0.11276423931121826, -0.2300769860341606, 0.23989834219154457, 0.3742929231130849, 0.6409374246145291, -0.46016135295781785, -0.539006506509092, 1731624036151829132, 
0.19677889347076416, -0.04674011468887329, -0.0025590294010702785, 0.17601084531532785, 0.3019217064935176, 0.5829685031907663, -0.4366100345723533, -0.5635067226037158, 1731624036263896242, 
0.12305200099945068, 0.3466719388961792, 0.0671347461405941, 0.2352015776088128, 0.3796002990682552, 0.6196032463254768, -0.411170964977868, -0.5872322483060881, 1731624036358680345, 
0.18955528736114502, 0.2277967929840088, 0.13273140046946752, 0.2366088804342898, 0.3832245705456229, 0.6174157364111952, -0.3821385223545045, -0.6109908397389741, 1731624036407725890, 
-0.07689839601516724, 0.3801053762435913, 0.02105473715629766, 0.26635251595066717, 0.42417352878835496, 0.6279329045155151, -0.34929242122238247, -0.6348135376845958, 1731624036551949521, 
-0.268139123916626, 0.3087065815925598, -0.13434588638829584, 0.2555153726706954, 0.4190276447457557, 0.6097816596939061, -0.3132328779223707, -0.6576731999968136, 1731624036662749783, 
-0.3019310235977173, 0.5796301960945129, -0.2221678245528511, 0.3101878000369798, 0.4770894145839541, 0.6501670138866509, -0.2722691750791618, -0.6802906989555111, 1731624036759686033, 
-0.3368799686431885, -0.2004947066307068, -0.2881961125695399, 0.16133661910327668, 0.30344945237322946, 0.5316754333925762, -0.2372359722381347, -0.6965963070249634, 1731624036807733233, 
-0.2887810468673706, 0.0020558834075927734, -0.28808771392632354, 0.14757427099352055, 0.2903593250737252, 0.5082470520140862, -0.20786082092614078, -0.7084930547385764, 1731624036952117372, 
0.3093051314353943, 0.42391282320022583, 0.03620822753825276, 0.2190783399074208, 0.39155225437689134, 0.5595123957492156, -0.17338853070844285, -0.720429387885543, 1731624037063753992, 
-0.045352935791015625, 0.1796269416809082, -0.00796398569586719, 0.2069533202153251, 0.3812173723344519, 0.5428748405352303, -0.1363877872819052, -0.7309171601395222, 1731624037159686343, 
-0.3510782718658447, 0.1616194248199463, -0.19250767245444134, 0.19647841584356313, 0.36524466657390864, 0.5379364404868181, -0.09949097336199608, -0.7392427472646648, 1731624037207737275, 
0.5911188125610352, 0.28016388416290283, 0.22948448850325248, 0.21436413867038412, 0.39939998612866145, 0.5367154384460332, -0.061370678181651594, -0.7456808819599627, 1731624037352077545, 
-0.17401939630508423, 0.2805914282798767, 0.012723281349537402, 0.22360564504795186, 0.4134297868380086, 0.5408551879102165, -0.021481967567893254, -0.7502725373175082, 1731624037463820308, 
-0.1784956455230713, 0.10358721017837524, -0.0910233280374909, 0.18859447265099646, 0.3757386174012793, 0.5019299691774358, 0.017736095554237906, -0.7526497420297416, 1731624037560693142, 
-0.2041131854057312, 0.379905104637146, -0.15027470528320364, 0.22690335931653702, 0.4155310867479198, 0.5460562796693644, 0.058699809719598525, -0.753034129677845, 1731624037607708526, 
-0.1875019669532776, 0.39993882179260254, -0.16912686086697584, 0.23733727461843399, 0.4405474343232263, 0.5387326224769282, 0.10329601024431063, -0.7511976428885405, 1731624037752417754, 
0.2696213126182556, 0.05447179079055786, 0.06500658600205284, 0.1883973343442155, 0.3795596108904895, 0.4963576970221204, 0.1433410627932918, -0.7471343402654989, 1731624037863769312, 
0.549344003200531, -0.0914568305015564, 0.3234194959019917, 0.14769320743543563, 0.33617508986424766, 0.43933417998066504, 0.17673833616562656, -0.7420105755245987, 1731624037959705886, 
-0.30944907665252686, 0.6702206134796143, -0.013136194631707343, 0.2521422424408211, 0.4727820576329741, 0.5333160139434943, 0.21783243221141904, -0.7340551480490013, 1731624038007715381, 
-0.19477778673171997, 0.25387293100357056, -0.11161313590344865, 0.22281526325146583, 0.43605187317511934, 0.5109833874328589, 0.2616943204226641, -0.723055467219163, 1731624038152209832, 
-0.4503188729286194, 0.32025831937789917, -0.2931854674655313, 0.2209425305575607, 0.43094004312843626, 0.512699003215423, 0.30456356421160224, -0.7100067888022371, 1731624038263757683, 
0.243283212184906, 0.20073676109313965, -0.00520723871956319, 0.19829526472637063, 0.40671882076468224, 0.4875487796545799, 0.3444898235297337, -0.6954859770304248, 1731624038359703533, 
-0.07821536064147949, -0.11695027351379395, -0.046397443080677746, 0.1407995946162514, 0.33732742658388115, 0.4173974112989583, 0.37806795669395893, -0.6813875734452014, 1731624038407739307, 
-0.32528871297836304, 0.40597105026245117, -0.19387055461295827, 0.1888558109684772, 0.4084630877807595, 0.46235710549650594, 0.4139203373367511, -0.6646035357472505, 1731624038503763800, 
0.09651023149490356, 0.21018457412719727, -0.037601751675173434, 0.1927682204221674, 0.40492018195639445, 0.47606473821778156, 0.4503763469170505, -0.6452720198444, 1731624038663769894, 
0.07084161043167114, -0.05147022008895874, 0.019192910678104823, 0.14534231119765068, 0.3533108806073771, 0.4113723046054867, 0.4823695172371388, -0.6264037232166564, 1731624038759698067, 
-0.37068015336990356, -0.2679802179336548, -0.19174529679848573, 0.10313043163286223, 0.2953037479039639, 0.3492350922224035, 0.509440878209508, -0.6088926517534565, 1731624038807745712, 
0.3826548457145691, 0.28594261407852173, 0.11912609359869047, 0.15079433485283059, 0.3695915172962545, 0.40800269431497244, 0.5379508901576698, -0.58883107919428, 1731624038953540610, 
0.2071918249130249, 0.3766474723815918, 0.1677771571660377, 0.19163212087858067, 0.43105734738291046, 0.4445629381845401, 0.5700432471855559, -0.5643484927632753, 1731624039063760347, 
-0.23907101154327393, -0.10649561882019043, -0.053003041057174904, 0.13067395793952874, 0.36106350263478176, 0.36191405939942467, 0.5991761360265713, -0.5401177022271094, 1731624039159710844, 
0.23979604244232178, 0.34468090534210205, 0.1057927044827672, 0.17166206845585147, 0.41448633628365367, 0.4141561577035306, 0.6285029259015682, -0.5136135029611579, 1731624039207742548, 
0.07050734758377075, -0.11432337760925293, 0.08483215268053305, 0.13094151848477206, 0.35311183105474137, 0.37082166885672196, 0.6543702105952177, -0.4882370523180742, 1731624039351632673, 
0.5229458808898926, -0.0398634672164917, 0.31979676439817856, 0.12643911200883937, 0.3575896641594681, 0.3535871550036007, 0.6777738391086104, -0.46347563706685646, 1731624039464759482, 
0.07220458984375, 0.6789101958274841, 0.1894074080794019, 0.2215150822630719, 0.47572799170330177, 0.4656339045132847, 0.7057324419064483, -0.43171359433660483, 1731624039559769331, 
0.06922692060470581, 0.5558541417121887, 0.12546615883740694, 0.26135753569135384, 0.5134189131980608, 0.5090531902367421, 0.7364948619672611, -0.3934990303584315, 1731624039607756107, 
0.6387250423431396, 0.09935170412063599, 0.39848607036372885, 0.19383740418753403, 0.4425152519961496, 0.4380355328164387, 0.7624098811277235, -0.35766086160887106, 1731624039751912869, 
-0.3291359543800354, 0.216985285282135, 0.006826178375369862, 0.18974157130248123, 0.4389397087139806, 0.432272513822894, 0.7859640067458985, -0.3219840391567104, 1731624039863771802, 
0.6621474623680115, 0.497688889503479, 0.3598672169568397, 0.22522119374884064, 0.4887600117619587, 0.4608011873494478, 0.8094368558196818, -0.28263393992600355, 1731624039959721067, 
-0.056210875511169434, -0.3314542770385742, 0.1316125683278207, 0.10755188984109736, 0.35104455973992277, 0.30637674579198426, 0.8274762309292137, -0.24925103892945422, 1731624040007760761, 
-0.468439519405365, 0.3064234256744385, -0.1893072105556215, 0.1483792202200562, 0.3998897200616696, 0.3710503490741739, 0.8446068487411528, -0.21460768937604874, 1731624040152338402, 
0.34252631664276123, -0.09828323125839233, 0.09542696761201902, 0.12157012377198048, 0.35841865594570066, 0.33918469855095373, 0.8598312047821823, -0.18068154751012597, 1731624040264766536, 
-0.01467883586883545, 0.03795361518859863, 0.036359866965969226, 0.1331116454390123, 0.36792589654570645, 0.3617892806370486, 0.8734102162325791, -0.14739919275090396, 1731624040359731609, 
0.47067588567733765, 0.6552750468254089, 0.27242425144686083, 0.220803443037817, 0.4783019763729507, 0.46164024809642, 0.8883973952480068, -0.10653124227403325, 1731624040407757536, 
-0.532298743724823, 0.4584423899650574, -0.15966772695602155, 0.23820092305340554, 0.4949933320925858, 0.4812204682564317, 0.9033253772875894, -0.060020962294329565, 1731624040552554630, 
0.32188552618026733, 0.446285605430603, 0.09930195771141626, 0.24324872569023406, 0.49930939086007975, 0.48717033995941617, 0.9161828561691656, -0.011855405313112341, 1731624040616079592, 
-0.005156755447387695, 0.05100846290588379, 0.04087157651282251, 0.17269737316184205, 0.4273981566698305, 0.4040667243571024, 0.9256808146942737, 0.03182438474069629, 1731624040711718861, 
0.43653804063796997, 0.5953072309494019, 0.2552368235700604, 0.23872868148289786, 0.5019321283976141, 0.47561944728468314, 0.9334586198512907, 0.07759719280409659, 1731624040807778554, 
-0.306566059589386, -0.04078727960586548, -0.04959459892240692, 0.161247736585754, 0.4091356066564794, 0.3941180722535882, 0.9388497084682778, 0.12044468820214266, 1731624040951703075, 
0.05302053689956665, -0.4120708703994751, 0.0025969071026866256, 0.08835507921945022, 0.30544031981867786, 0.28927117176901035, 0.9416748939944768, 0.15447380694781482, 1731624041063841258, 
0.04960399866104126, 0.04748743772506714, 0.02903712120529272, 0.11263873156213558, 0.34835119171190543, 0.3233482021651599, 0.9433727508346247, 0.18785765803343432, 1731624041159747680, 
0.10355782508850098, 0.689218282699585, 0.07222199046777877, 0.2031674720779538, 0.46479082657569, 0.4371159249737656, 0.9441683935108287, 0.23071750311017808, 1731624041207887218, 
0.14274674654006958, -0.1175609827041626, 0.10738664514316992, 0.13396378611887166, 0.3763726088108814, 0.35593394147921475, 0.9432950994162437, 0.26988020676670355, 1731624041352441904, 
-0.05760061740875244, -0.23187965154647827, 0.01748442674435978, 0.10707790751660769, 0.3389691395528075, 0.31589279088318356, 0.9412567694119699, 0.30439048330478097, 1731624041463755130, 
-0.0017830133438110352, -0.1259680986404419, 0.006868997343007768, 0.10449107056330707, 0.330721261619233, 0.31594905647043053, 0.9381855167290003, 0.337405653039084, 1731624041512683679, 
0.12485939264297485, 0.07974874973297119, 0.07119801737740448, 0.12495688609316566, 0.3677285697685996, 0.33980739155458395, 0.9338116582962552, 0.3726541963052936, 1731624041607767824, 
0.2810751795768738, 0.09419894218444824, 0.18412924760222962, 0.13671221674030737, 0.3858504298025399, 0.35431401958077446, 0.9279749687558996, 0.4092408754540268, 1731624041751968933, 
-0.15864068269729614, -0.1597989797592163, -0.0012543460678467178, 0.11213616894034012, 0.35231737511763983, 0.3182816882161929, 0.9212161398947396, 0.44409150473291, 1731624041863893540, 
-0.22218620777130127, -0.046888530254364014, -0.11996363860103221, 0.1126690321141627, 0.3463224868248524, 0.32532981946142997, 0.9133509497466921, 0.47847342411659965, 1731624041912403193, 
0.21936273574829102, -0.21522009372711182, 0.06178658016733363, 0.09669264939417038, 0.32281935928539096, 0.29952556007859643, 0.9049339475989118, 0.5104037983961298, 1731624042008453203, 
-0.1066548228263855, 0.2642417550086975, -0.027155787427857764, 0.1386553284488102, 0.3800424096810604, 0.3648417253357926, 0.8945793919745968, 0.545311969949673, 1731624042152509246, 
0.24950546026229858, 0.6160677671432495, 0.12400215982837459, 0.218705075504289, 0.4737514320453846, 0.46164520191537367, 0.8803940843567998, 0.5875402432837064, 1731624042263936354, 
-1.3436299562454224, 0.2184962034225464, -0.6651331797689808, 0.18636326492920358, 0.4286753529498087, 0.4347421974386847, 0.8638499221820595, 0.6311205098083678, 1731624042359711510, 
-1.1744253635406494, 0.6557407379150391, -0.9354261320019273, 0.24357005394056028, 0.466687358400053, 0.5219126885621949, 0.8433966154881668, 0.678460459202062, 1731624042409741440, 
0.022892117500305176, -0.26392412185668945, -0.4232743506028075, 0.10906914275562685, 0.30407963528439275, 0.35868611409514195, 0.82558126993241, 0.7146797480494278, 1731624042503846204, 
-0.46525633335113525, 0.2911151051521301, -0.4430120019753106, 0.13636965788191857, 0.3602142584738065, 0.3785792890589723, 0.8076960500750264, 0.7479156127456051, 1731624042663761307, 
-0.1413164734840393, 0.012626051902770996, -0.2804658150624812, 0.1295880609312261, 0.33952018340015927, 0.38167999213906323, 0.7887282368166677, 0.7797964898067845, 1731624042759712689, 
-0.1515253186225891, 0.10814720392227173, -0.21010308517468818, 0.13727688676911481, 0.3536516147382218, 0.3881698288603297, 0.7687431425309329, 0.8107880144868003, 1731624042808738790, 
-0.3323593735694885, -0.006566464900970459, -0.27553601846912407, 0.12000626524840943, 0.33959738459742767, 0.35337806087838297, 0.747886006426761, 0.8406587813277494, 1731624042952208300, 
-0.2008092999458313, -0.11527907848358154, -0.23510930495810822, 0.10864353644843928, 0.32435419465747806, 0.33495338811069847, 0.7268662174373648, 0.8684693870873228, 1731624043063794566, 
-0.14512914419174194, 0.1655448079109192, -0.18496262593274304, 0.13416257644732332, 0.3675353488546936, 0.3650331236584402, 0.7034043547498616, 0.8974289745394012, 1731624043159716641, 
0.3674706816673279, 0.6877716779708862, 0.11512295023638336, 0.21941575104652714, 0.4793794859741914, 0.45770784413236226, 0.6736639429019414, 0.9314384721682306, 1731624043207757325, 
0.19873017072677612, 0.47131574153900146, 0.16026401864203207, 0.2500421711043807, 0.4999379095269326, 0.5001464508682362, 0.6403152072941237, 0.9662257185057498, 1731624043351936973, 
-0.2591724991798401, 0.36930882930755615, -0.065544821572772, 0.23248285701306878, 0.4902018476710115, 0.4742594466292071, 0.6046953626559887, 1.0001929032825565, 1731624043463884326, 
-0.15206968784332275, 0.10063117742538452, -0.11366206473649063, 0.17704064493317623, 0.42567785616362547, 0.41590287671699777, 0.5703614774476581, 1.0298450907281258, 1731624043559756466, 
-0.22248327732086182, 0.524786114692688, -0.17036490425834827, 0.21769847733734773, 0.472856611842978, 0.46039004612594714, 0.5336528003077009, 1.0589107371019837, 1731624043607759502, 
0.26463812589645386, 0.3454010486602783, 0.06332027482010985, 0.21067390595825733, 0.4656405369368956, 0.45243892927390944, 0.49542655455211043, 1.0863913210479168, 1731624043752162632, 
-0.28373390436172485, 0.36396104097366333, -0.12297987047605835, 0.2154810869531653, 0.46908034074994426, 0.4593692556133646, 0.45601024814793023, 1.1121755714197628, 1731624043863797792, 
0.7196745872497559, 0.42322784662246704, 0.32994559572611, 0.2276014953948534, 0.48374949069752454, 0.47049454267470525, 0.41557260916590966, 1.1358750565887492, 1731624043960717115, 
-0.015816926956176758, 0.4311872124671936, 0.14393183062861276, 0.23586123759337393, 0.4994841489311398, 0.4722096548971575, 0.3732567211461999, 1.158237125798724, 1731624044007736043, 
0.44826412200927734, 0.01118248701095581, 0.3047363705907744, 0.16650540077578235, 0.42777343899547665, 0.389237352292794, 0.3338564691604421, 1.1766532225646529, 1731624044151980192, 
-0.647670567035675, -0.014187991619110107, -0.2083281789967798, 0.13524980060233033, 0.3879327665466452, 0.3486423737966662, 0.2969263478526074, 1.1922445930973307, 1731624044263783631, 
0.13621008396148682, 0.31226199865341187, -0.022005913277705874, 0.17275746069173303, 0.41693197569547286, 0.41435406915855044, 0.2583020660778368, 1.2066856765061071, 1731624044360728442, 
-0.2688966989517212, 0.15552639961242676, -0.1548402565725966, 0.16241169309726294, 0.4022340740929304, 0.40377407971593193, 0.21904194727165546, 1.2197881985486094, 1731624044407768062, 
-0.011551976203918457, -0.14447301626205444, -0.07924708646094375, 0.1091088087537666, 0.34260150584123394, 0.31847148040361817, 0.1834251346178945, 1.23014936327232, 1731624044551919044, 
-0.02974909543991089, 0.095622718334198, -0.0517038604916209, 0.12764656045741687, 0.3692722495509493, 0.3456706010609801, 0.14790891899816577, 1.2390908363343072, 1731624044663786317, 
-0.05454230308532715, -0.3283913731575012, -0.054821568659198294, 0.09093665369345584, 0.30749176258293165, 0.29573687740311383, 0.11585113027099475, 1.2460014287940109, 1731624044759718430, 
-0.6208821535110474, -0.1460474729537964, -0.35828392099686923, 0.09315075916141215, 0.31230348472303593, 0.29826999607136057, 0.08347237904048056, 1.2520571008530674, 1731624044807766655, 
-0.11755573749542236, 0.4622904658317566, -0.22579663048666074, 0.15771731260511607, 0.39500387694551703, 0.3992804167511248, 0.044362624935461475, 1.2580460240691582, 1731624044951853706, 
0.08377760648727417, 0.30842846632003784, -0.05837648218798275, 0.17259609896178624, 0.4196220305347566, 0.41131324478324877, 0.0021825978085786785, 1.2629460948150022, 1731624045063877488, 
0.003125429153442383, 0.007991194725036621, -0.02622446294846722, 0.13603378397040197, 0.38449579107990006, 0.35379784935573844, -0.03754647485687212, 1.2659670059555674, 1731624045159722608, 
-0.31104105710983276, 0.10541856288909912, -0.17905299505388098, 0.13696206121892476, 0.38184385607988414, 0.3586860415275909, -0.0766310248391269, 1.2674597326152146, 1731624045207770996, 
-0.33193373680114746, 0.27395403385162354, -0.26006500655608367, 0.1588922000413225, 0.39991263546994443, 0.397317278696647, -0.11775468399959096, 1.2675384352921535, 1731624045352633842, 
0.1387639045715332, 0.0793113112449646, -0.045687761503440616, 0.14578808074212998, 0.3877074554046251, 0.37602599256178976, -0.15797241134991066, 1.266078384927786, 1731624045463789571, 
0.17397093772888184, 0.07892900705337524, 0.07228471787446132, 0.1409693414011024, 0.38722902929829334, 0.36404641887659145, -0.19650218623725815, 1.2631868993723634, 1731624045559723617, 
-0.047714948654174805, 0.20840060710906982, 0.008223193428107886, 0.15536163067000866, 0.4058670483206056, 0.38278946594177365, -0.23603413935716303, 1.2587482667414889, 1731624045607778395, 
-0.07401168346405029, -0.04621446132659912, -0.036987507848440626, 0.1281194322163209, 0.3684243392315879, 0.3477496423920742, -0.2736282065770411, 1.253094527896231, 1731624045752389755, 
-0.511435329914093, 0.13851648569107056, -0.29123316398958965, 0.13599947292490183, 0.3767117641348499, 0.3610173237813159, -0.31182882359535025, 1.2460108321882741, 1731624045864916734, 
-0.10099941492080688, 0.8818048238754272, -0.18478659239303236, 0.24953162396840922, 0.5023062587537691, 0.4967718789479185, -0.3591686688960159, 1.2353820592704212, 1731624045959768309, 
-0.3011147975921631, 0.05464029312133789, -0.24939874012949614, 0.1706662668294978, 0.40645065976399397, 0.41989418083020297, -0.40249680877307686, 1.22357863683825, 1731624046007782979, 
-0.2939183712005615, -0.10169470310211182, -0.2743277614059433, 0.11405204405337979, 0.34760821392987096, 0.3281051467799593, -0.4396226671031827, 1.21185052226305, 1731624046168180186, 
-0.07787585258483887, 0.4195263981819153, -0.1663182829566274, 0.1655186068760682, 0.4108116047735439, 0.40290635647283823, -0.47784868182756757, 1.198076860816495, 1731624046264801505, 
-0.08405965566635132, 0.13507944345474243, -0.1221528154284359, 0.15895394297250715, 0.3951283900214976, 0.40228428780796793, -0.5158239651227345, 1.1827247974965807, 1731624046359743310, 
-0.15783929824829102, -0.04102170467376709, -0.1421026362287959, 0.12868922979818873, 0.3551457874464057, 0.362356064317978, -0.5502178504216826, 1.1672400586232319, 1731624046407815553, 
0.49527233839035034, 0.5943453311920166, 0.2032717545448314, 0.19355612428078897, 0.4603925790630855, 0.42041538696101977, -0.5886131065668392, 1.148210426985077, 1731624046552048466, 
-0.15331625938415527, 0.4021945595741272, 0.011736879565832553, 0.2190121004927348, 0.47273509017194887, 0.4632871666308357, -0.6288932205152096, 1.1260206424026709, 1731624046664937915, 
-0.18752634525299072, 0.2826533317565918, -0.09571478865125238, 0.20512811497377315, 0.45529656150048137, 0.45053736908917175, -0.6685403277639171, 1.101904550289864, 1731624046759751967, 
0.12069326639175415, 0.6636179089546204, 0.02249944088586031, 0.2664616147383145, 0.5184000849198747, 0.5140076602794144, -0.7100465599930071, 1.0739478342261382, 1731624046807775325, 
-0.5607748031616211, 0.31580621004104614, -0.2916104354781495, 0.21823578729583837, 0.4823744770074268, 0.4524198474383178, -0.7509093007456611, 1.0436767357290004, 1731624046951638015, 
0.5882590413093567, 0.2856075167655945, 0.1805399459438355, 0.20535184557543945, 0.4540170935760886, 0.45229981091234966, -0.7864844329661389, 1.014159582735604, 1731624047065798066, 
0.03378862142562866, 0.17574596405029297, 0.10074462777159662, 0.18213085418154634, 0.43586754068516725, 0.41785826468115417, -0.8186814661176324, 0.9851438436061045, 1731624047159797367, 
0.28431928157806396, 0.3687836527824402, 0.19977303935451363, 0.19225078887756394, 0.4648429811761902, 0.4135822130542072, -0.8505301678681237, 0.9538761300884293, 1731624047207812545, 
-0.3782726526260376, -0.019473254680633545, -0.11292253785140666, 0.14220616923331234, 0.39615450142489833, 0.35896643537261763, -0.878929341807947, 0.9235672468370465, 1731624047304250968, 
-0.194125235080719, 0.851124107837677, -0.15297260234918053, 0.262398338004198, 0.5062262572154214, 0.5183420145915822, -0.910163192091907, 0.8873938411587792, 1731624047463798944, 
-0.196804940700531, 0.17931580543518066, -0.17782052795679382, 0.19368097131450485, 0.44534099027407437, 0.4349048830993719, -0.9398767656436356, 0.8499372701416134, 1731624047559763309, 
-0.02177417278289795, 0.18397706747055054, -0.0943113742221368, 0.1725563998437813, 0.4205010985619612, 0.4103589751225227, -0.9654475047765063, 0.8143104539359597, 1731624047607830191, 
0.7515015006065369, 0.33238595724105835, 0.3605046003986562, 0.19732586280033276, 0.4442585620362374, 0.4441689584909727, -0.9884744947868174, 0.7788636034022521, 1731624047751797401, 
-0.24566203355789185, 0.3130887746810913, 0.034650818124679406, 0.20645608109373462, 0.4589621360270231, 0.44983249137044007, -1.0110896475859794, 0.7409139217290619, 1731624047863969857, 
-0.006198406219482422, -0.012350738048553467, 0.010660187560331606, 0.14818522599399894, 0.3904954408580924, 0.3794800412224276, -1.0304952840004267, 0.7047058767606729, 1731624047960326725, 
-0.11724621057510376, 0.02556633949279785, -0.05830313747835138, 0.14127112019993446, 0.3800170082164373, 0.37174946685405724, -1.0473260382465852, 0.6700365839184894, 1731624048007781726, 
0.3593354821205139, 0.3693010210990906, 0.1675317880766699, 0.18441365157914774, 0.43503761362150906, 0.423902774851995, -1.0638962185165095, 0.6322069959320311, 1731624048152013330, 
-0.1114911437034607, 0.2909168004989624, 0.01774544587954846, 0.1971401659246132, 0.4490850531799778, 0.4389818020632413, -1.079888265359608, 0.5913724254976178, 1731624048264264648, 
-0.3160139322280884, -0.38021570444107056, -0.1653082497996656, 0.09946070980797406, 0.31203102026613383, 0.31875263466799936, -1.0915239686954268, 0.5574445166972538, 1731624048360121486, 
0.7963940501213074, 0.099834144115448, 0.3526966798832003, 0.12850795639836252, 0.36479429780554623, 0.35227512373799147, -1.1013052217142432, 0.5249262318034497, 1731624048408448432, 
-0.083895742893219, -0.008430957794189453, 0.11763206820315836, 0.13325496291042022, 0.3712954503133765, 0.3588919896485451, -1.1103484107794652, 0.49087391800280955, 1731624048504607274, 
-0.37546199560165405, -0.2705710530281067, -0.14886171423679906, 0.09816993660275196, 0.31534764859052306, 0.31130701954345313, -1.117786339155251, 0.45842411710584585, 1731624048664427654, 
0.05645793676376343, 0.3807350993156433, -0.035873690926866014, 0.16409889964116078, 0.39994337786267203, 0.4103053300147582, -1.1250487568950223, 0.4208550809265083, 1731624048759645770, 
0.16808634996414185, 0.7086684703826904, 0.07659316028521636, 0.25695824306240356, 0.5040641097411266, 0.5097729397841283, -1.1322901011604154, 0.37390346501858074, 1731624048808769675, 
0.36899620294570923, -0.19426041841506958, 0.22967399311524084, 0.13280174366769285, 0.3779559788724849, 0.3513682838511138, -1.1365485749930464, 0.33391973542834097, 1731624048951833448, 
0.17253434658050537, -0.2224130630493164, 0.19742035240022732, 0.10033966782421333, 0.3463728730016937, 0.28968685380775383, -1.1388353138786445, 0.2996874288323985, 1731624049017334004, 
0.018080592155456543, -0.1566341519355774, 0.10044663919834579, 0.10462960578080355, 0.33885446376507566, 0.3087744650557184, -1.139885445900281, 0.26689956841515394, 1731624049111748554, 
0.16871553659439087, 0.43193936347961426, 0.1391493324177366, 0.16480327172676584, 0.42227960059145564, 0.39027050204636493, -1.1400067300633001, 0.22788280549037673, 1731624049209756766, 
-0.004345417022705078, -0.18914473056793213, 0.05980840242487266, 0.10727203766394253, 0.3527536951595371, 0.30409897652646123, -1.1388695071568844, 0.19150028297005314, 1731624049352502702, 
0.4337347745895386, 0.1664065718650818, 0.2613144959327004, 0.13517756682766352, 0.38859347159562907, 0.3478637103001295, -1.1363930120686079, 0.1551585229162226, 1731624049463947700, 
-0.23423832654953003, 0.16234415769577026, -0.004720345661236192, 0.15255402468209436, 0.4097797656614354, 0.3722829613996514, -1.1324843397886977, 0.11580656904481548, 1731624049560817518, 
-0.23388934135437012, -0.035049378871917725, -0.12868884479208387, 0.1274603443755978, 0.37391294536526287, 0.3408824057992593, -1.1272550224090288, 0.07723792642922905, 1731624049609962025, 
-0.31974512338638306, 0.10064876079559326, -0.23083793895883492, 0.13289298269267205, 0.37411423762600937, 0.3552203293196265, -1.1206945734413283, 0.03899186219719105, 1731624049703902897, 
0.0668039321899414, 0.28697431087493896, -0.06957994865115444, 0.1640171416781952, 0.4057664944086968, 0.4042155868911976, -1.1123446232789613, -0.0008458369986743186, 1731624049863818296, 
-0.13214653730392456, 0.13137054443359375, -0.10313945511021097, 0.15300841596959533, 0.39983374159621754, 0.382680099380194, -1.1024951647997314, -0.040595072260148496, 1731624049959744407, 
-0.08244287967681885, 0.00585782527923584, -0.09257376110928535, 0.1322312430140338, 0.37075905381794555, 0.3566500713937077, -1.0917076073480858, -0.07770024218344744, 1731624050010018267, 
0.22412949800491333, -0.06462877988815308, 0.07708335574043175, 0.12372974263773283, 0.35134697123197856, 0.35215827307086606, -1.0804703747400342, -0.11141305994147788, 1731624050103879369, 
0.09169280529022217, 0.23300069570541382, 0.0859285529611581, 0.14764611345069717, 0.39487731228741996, 0.37390376417278126, -1.0673641813938772, -0.1468389349655581, 1731624050263813571, 
0.14644920825958252, 0.3737949728965759, 0.11943683853859641, 0.1887768476938009, 0.43954718033332774, 0.42948028366521024, -1.0513207409811576, -0.1854743103475807, 1731624050360743139, 
0.5388909578323364, 0.4759784936904907, 0.34555818597506893, 0.22488858034943807, 0.48840788330863827, 0.4604523965214641, -1.0320965871594499, -0.2268568159341424, 1731624050407767304, 
-0.33884960412979126, 0.4595194458961487, -0.02211848502835767, 0.23492225592162674, 0.5075532503249334, 0.4628524312891909, -1.0094557866243, -0.27064064262018656, 1731624050551934548, 
-0.31928563117980957, 0.34934258460998535, -0.182416542452646, 0.22137897106256801, 0.4751298550799235, 0.465933615191007, -0.9847943085549452, -0.31312364686956595, 1731624050663812678, 
0.43625491857528687, -0.1073341965675354, 0.1472811471820759, 0.14275202803234774, 0.3788645204509543, 0.37678911675981974, -0.9625866780640153, -0.3474906010946156, 1731624050760748524, 
-0.03138315677642822, -0.14193618297576904, 0.05008915404272017, 0.11814825274617419, 0.347715503814986, 0.33978425307443016, -0.9423721508234773, -0.37627564312408024, 1731624050807764446, 
-0.03066343069076538, 0.6500725746154785, 0.009949786729357375, 0.20829633055250243, 0.4643590293378657, 0.44856741743455336, -0.9166353869586238, -0.4103343951274887, 1731624050951779422, 
-0.03825664520263672, -0.0603678822517395, -0.018236374232585815, 0.13969591425256256, 0.3835125359191516, 0.3642538409279323, -0.8907651257581185, -0.44178252393704276, 1731624051063813069, 
-0.20255714654922485, 0.1973239779472351, -0.11661650825871842, 0.1577741407602724, 0.3995973309614835, 0.3948328192799666, -0.8641895191889609, -0.47159674519905365, 1731624051159865642, 
0.17350256443023682, 0.489715039730072, 0.04121088642661172, 0.21003071594285455, 0.46393122912498985, 0.4527195040070674, -0.8331356485918447, -0.5038379211957832, 1731624051207786718, 
0.4189693331718445, 0.5398486256599426, 0.244983826011668, 0.24903206706647976, 0.5054886136750245, 0.4926561357257019, -0.798232704174579, -0.5369450775769367, 1731624051351763787, 
0.5260602235794067, 0.06345289945602417, 0.3932891190445353, 0.1835203590771253, 0.44222229738196644, 0.41499571632547255, -0.7650788225517345, -0.5654835402857232, 1731624051464912867, 
0.16121482849121094, 0.14142411947250366, 0.2673275258671012, 0.1693326777183262, 0.43128852451420463, 0.3926204109164726, -0.7327459067901724, -0.5909662906228073, 1731624051559753321, 
-0.41104942560195923, 0.35431039333343506, -0.09688099244322668, 0.18679367161653126, 0.45018316064564384, 0.4149281624586656, -0.6972186643859762, -0.6168223236597945, 1731624051607802356, 
0.3794819116592407, -0.2955893278121948, 0.1560451122846453, 0.11005412742670712, 0.3467945896912873, 0.3173467254050188, -0.6660174991994637, -0.6375199347220749, 1731624051703908606, 
0.7095790505409241, 0.006895899772644043, 0.4534238628444029, 0.12581453373293694, 0.3745929553996381, 0.3358699941345947, -0.6368940187234631, -0.6553378836074462, 1731624051863873128, 
-0.35441458225250244, -0.04748433828353882, 0.01855163920796782, 0.11884143532993627, 0.37000886923078735, 0.32118536935883757, -0.606022100692707, -0.6730396736777249, 1731624051912855143, 
-0.009291231632232666, 0.10864156484603882, 0.0039770604195673385, 0.13578063661268305, 0.38438438876271286, 0.35324180841408415, -0.5725390448945219, -0.6907020902310234, 1731624052008774397, 
0.11835634708404541, 0.01326054334640503, 0.06513218763009525, 0.13343100351812387, 0.37673281522349167, 0.3541794028188591, -0.5387834383729401, -0.7070527609797023, 1731624052104795009, 
-0.20225310325622559, 0.26534557342529297, -0.07734277485303624, 0.16557125561060584, 0.41866350893947635, 0.39547572710604084, -0.5013955724435388, -0.7236270449780647, 1731624052199891677, 
0.015476524829864502, 0.26328331232070923, -0.0269913673007586, 0.18011530897510764, 0.43009004416467606, 0.4187851158585381, -0.46141561510070717, -0.7394844772733419, 1731624052313752286, 
-0.5958492159843445, -0.2207757830619812, -0.33483141658665105, 0.11032896637950756, 0.3363302983620535, 0.32803754796048856, -0.4257062714653867, -0.7521153120189508, 1731624052407777008, 
0.8368998169898987, 0.4175235629081726, 0.2971034437881832, 0.16763088541505958, 0.4153076782477312, 0.40363059532712925, -0.38847523266009876, -0.7635962300129303, 1731624052505916086, 
-0.048610687255859375, 0.41179782152175903, 0.11212483737703685, 0.20000727455338424, 0.4635609763226179, 0.43145839440589157, -0.3463381587065312, -0.775002036744232, 1731624052665834447, 
0.2755414843559265, 0.15283983945846558, 0.19866699006582034, 0.1787497038152538, 0.4339423383702107, 0.41192040510865396, -0.3044683560034369, -0.7843296947544091, 1731624052759759267, 
0.4188078045845032, -0.2304830551147461, 0.31379616597696813, 0.11788453167995698, 0.34844938554966626, 0.3383117794683392, -0.26973929556617426, -0.7904950094902957, 1731624052808826907, 
-0.7914389371871948, 0.1589488983154297, -0.2791072451581357, 0.13819702164557368, 0.3849074321582048, 0.3590396290107797, -0.2324047366369411, -0.7960243290971785, 1731624052904894026, 
0.20526456832885742, 0.15784192085266113, -0.01835110345002422, 0.14530545388355573, 0.3871002475257334, 0.37536905443052243, -0.19306612790758662, -0.8002347940332453, 1731624053065027885, 
0.436456561088562, -0.02381354570388794, 0.22519702024541755, 0.13334526704158003, 0.3674442378019424, 0.36289932817902837, -0.156873716889615, -0.8027078898674065, 1731624053159781578, 
0.04785507917404175, 0.285322368144989, 0.13072125312922495, 0.1634043032552185, 0.4139216437306361, 0.394771101560361, -0.1180469199488212, -0.8040342397231293, 1731624053208785579, 
0.3594716191291809, 0.3388177752494812, 0.2541718109942935, 0.18251655629181343, 0.4522182533727989, 0.40360280667695814, -0.07528581269525783, -0.8038403649443591, 1731624053304899265, 
-0.6603004336357117, -0.21036255359649658, -0.23997088997750093, 0.11760535018230409, 0.3555387579150102, 0.33078067457955473, -0.03692611217045741, -0.8021636595681146, 1731624053465216779, 
-0.38953161239624023, 0.21377134323120117, -0.31893154190650963, 0.1379945877629343, 0.3770616143243383, 0.36597357705108385, 0.00215717143996526, -0.7990820607394382, 1731624053559829280, 
0.28930824995040894, -0.07652288675308228, 0.007502899675714658, 0.11365908599119952, 0.3481201512550237, 0.32649384294888417, 0.038634614224224706, -0.7948679119838248, 1731624053608802262, 
0.09658050537109375, 0.40109723806381226, 0.057220654742969446, 0.1676163628181511, 0.4164121432315118, 0.40252515576848047, 0.07761291335306195, -0.7889724135547688, 1731624053752329806, 
0.1628013253211975, -0.13389021158218384, 0.11201347846907628, 0.1255000413760421, 0.35570911631422036, 0.35281648858608383, 0.11337361033380491, -0.7821404790169628, 1731624053865898751, 
-0.2076108455657959, 0.37654536962509155, -0.05812401810851059, 0.17220434426232184, 0.41474765972636674, 0.41520269065757986, 0.1520766148681506, -0.773336773235694, 1731624053912810553, 
0.016044020652770996, 0.12101686000823975, -0.018478508921348676, 0.14631719593957912, 0.40474036201602764, 0.36150878358354827, 0.19199614177865154, -0.7626910028065557, 1731624054009078633, 
-0.6188353896141052, 0.08893775939941406, -0.3411620058607318, 0.13763222016077195, 0.38373103745076, 0.3586684597500998, 0.23065833266618715, -0.7507484725743802, 1731624054103901684, 
0.06607264280319214, 0.12089377641677856, -0.12171054992347957, 0.1448121375740636, 0.38269738603048903, 0.37839855421047114, 0.26824151488603926, -0.7375416902584329, 1731624054263821234, 
-0.06571370363235474, -0.10126936435699463, -0.0923098548498684, 0.11242124790430047, 0.3485620529119788, 0.32252864867275105, 0.3025105449545573, -0.7241751289271802, 1731624054359803514, 
-0.550751805305481, -0.0954168438911438, -0.33844010542492803, 0.10816883819777617, 0.3345674288744956, 0.32330953004499713, 0.33521376757508115, -0.7101098440518149, 1731624054408804545, 
-0.021617770195007324, 0.3144575357437134, -0.16608530154501275, 0.15322990991261723, 0.3841688974861674, 0.3988607899163271, 0.3703261302595454, -0.6935330330048229, 1731624054552081206, 
0.2507373094558716, -0.2695671319961548, 0.056207785501504126, 0.10251337515598151, 0.3192927112345443, 0.32106393772539893, 0.4005082443454147, -0.6779118509156026, 1731624054663809540, 
0.14755123853683472, 0.4055478572845459, 0.10764035390753635, 0.1626740911010015, 0.4103307085608552, 0.3964462997944881, 0.4335999007103238, -0.6593254463049265, 1731624054760270028, 
-0.37804871797561646, -0.2968614101409912, -0.1557074530511201, 0.10168667987592661, 0.3239889514323601, 0.3138584801314003, 0.46348189043761123, -0.6410834303874691, 1731624054809045742, 
0.33909958600997925, 0.14097237586975098, 0.11138172127591028, 0.13227195254425417, 0.3640487886639456, 0.3633357853756101, 0.4928547231531687, -0.6216284317713112, 1731624054905053366, 
-0.019104957580566406, 0.31000757217407227, 0.04257901601374667, 0.16807175744812752, 0.4184775792528485, 0.4016266719669988, 0.5254187218545678, -0.5985084431638087, 1731624055064175204, 
0.12246483564376831, -0.025736570358276367, 0.0842659476776491, 0.13770713114303473, 0.38094785741587905, 0.36148551163184645, 0.5559576664773715, -0.5749255703557629, 1731624055111696943, 
-0.27231693267822266, -0.3261769413948059, -0.10900408413487749, 0.10077904127148157, 0.3211171267367379, 0.31383888581596414, 0.5820432567902748, -0.5532112323258755, 1731624055208812711, 
0.12607568502426147, -0.2710667848587036, 0.017147996214309583, 0.09352442184760183, 0.31087771269639464, 0.30083990594378324, 0.605702465175702, -0.5321495600371742, 1731624055304002727, 
-0.5092311501502991, -0.10445183515548706, -0.26501117049369705, 0.10411802684890727, 0.3228610266188107, 0.3224855843992447, 0.6297631232087787, -0.5094587361819521, 1731624055463986323, 
0.5044478178024292, 0.18120616674423218, 0.14996344631062597, 0.14076271479466954, 0.37102397720843017, 0.37938980616229356, 0.6551012973326324, -0.4838112826389115, 1731624055560789488, 
0.30970513820648193, 0.4830266237258911, 0.23760545244788892, 0.19445101173753232, 0.4550621912230666, 0.4273064550032339, 0.6835829675778419, -0.45295971801986457, 1731624055610445718, 
-0.0905141830444336, 0.029997289180755615, 0.05950879508560869, 0.15529009270139513, 0.4065091699125174, 0.3820088307843443, 0.710000556826488, -0.4217964857398996, 1731624055704208574, 
-0.3006857633590698, -0.028206825256347656, -0.13476178105117875, 0.12702575281215145, 0.3781853330037508, 0.33588228238055867, 0.7342361980486068, -0.3909903699398843, 1731624055864834136, 
0.14369571208953857, -0.04205375909805298, 0.01448708353930267, 0.11378280946936423, 0.3591202556343429, 0.3168376266283853, 0.7559108144417842, -0.3611982652405324, 1731624055960755841, 
0.46472686529159546, 0.23839908838272095, 0.2573308413324944, 0.14710763034119426, 0.404506215061388, 0.3636721139596561, 0.7771762965716175, -0.32975495163709584, 1731624056009846604, 
0.1777733564376831, -0.06337177753448486, 0.2131576764179261, 0.12690191768246872, 0.3769921235779281, 0.33661689395013794, 0.7966178210267277, -0.29877814127547203, 1731624056152847234, 
-0.4304184317588806, 0.02310866117477417, -0.13278734559947808, 0.13667168290191486, 0.37580437230270114, 0.3636777349461735, 0.8153762147876428, -0.2665059878848351, 1731624056264139519, 
-0.10115140676498413, 0.01272505521774292, -0.11572132147530675, 0.1283753643458027, 0.3661134030303807, 0.3506437166277409, 0.8332834732243729, -0.23313666861022303, 1731624056360795241, 
-0.0828518271446228, 0.5244935154914856, -0.09543478081054407, 0.19072834879022466, 0.448614688245123, 0.42514958557489474, 0.8524843602927705, -0.19409332399147267, 1731624056409773526, 
0.318784236907959, 0.5829729437828064, 0.12853930268443212, 0.25019521221559893, 0.4989692753724985, 0.5014240847371197, 0.8717933509802455, -0.15003627425983046, 1731624056553227262, 
-0.34940260648727417, 0.022147178649902344, -0.13052001565671859, 0.1733168449025297, 0.42099341921896394, 0.4116854016959952, 0.8879252585794278, -0.1084206437466877, 1731624056664828688, 
-0.7180304527282715, -0.10987979173660278, -0.44730478837993615, 0.12394913958511251, 0.3556592990782369, 0.34850526868368636, 0.9008301016336397, -0.07045496853673651, 1731624056759758869, 
0.027399420738220215, 0.6755539178848267, -0.18863314710567808, 0.2041480828617027, 0.44906549114898986, 0.4546064814273848, 0.9133308442533145, -0.028144935786469837, 1731624056809181296, 
0.30270975828170776, 0.11216086149215698, 0.07434092928630764, 0.17168530246042385, 0.4065524650319762, 0.4222955638626381, 0.9234942491928233, 0.012727426420789806, 1731624056953307150, 
0.07541108131408691, 0.29694658517837524, 0.0755403065712263, 0.18136067345237328, 0.4366461304760471, 0.41534932017981574, 0.9321000295311104, 0.05430328964093153, 1731624057016755440, 
-0.07195854187011719, 0.407437264919281, -0.003016892977936697, 0.2048865309454797, 0.46457234485895615, 0.4410217982469084, 0.9393607260054911, 0.0990995765444906, 1731624057112937621, 
-0.4972403645515442, -0.050381362438201904, -0.2707378151975921, 0.14648257248480068, 0.3751641963032251, 0.3904492324379661, 0.9441584048256203, 0.1399922441195034, 1731624057208849041, 
-0.19150394201278687, 0.05831378698348999, -0.22772946962187998, 0.13568521439275494, 0.36642650631049944, 0.3702931203284162, 0.9472281641710345, 0.17878141032618264, 1731624057353267030, 
-0.024599552154541016, 0.4311785101890564, -0.11641483727202465, 0.17959502116068002, 0.4255219102301896, 0.42205822272119103, 0.9489185800722536, 0.22083948927851213, 1731624057465139750, 
0.1310182809829712, 0.5111439228057861, 0.01814603835890624, 0.22947877201471087, 0.4769217558732407, 0.4811664999314965, 0.9488109025530059, 0.26729494747707455, 1731624057512769975, 
-0.09505730867385864, 0.1691199541091919, -0.043992603415938365, 0.19125541736585328, 0.4296363253319905, 0.44515653376856706, 0.946667326280637, 0.3116694678298812, 1731624057608777374, 
-0.6288540959358215, 0.1931443214416504, -0.35826064554873777, 0.1709550450784437, 0.410675939078879, 0.41627723665010763, 0.9427660426372991, 0.35499713467571065, 1731624057704911539, 
-0.3400402069091797, 0.6370075941085815, -0.34553579674331464, 0.2284819304069804, 0.47824452134688494, 0.4777512761955002, 0.936340303737617, 0.40294324426740735, 1731624057864908664, 
-0.0019555091857910156, 0.23114627599716187, -0.16135093651959398, 0.20036390352478706, 0.4379512312491611, 0.45750277480278434, 0.9278936307801874, 0.4489092338776749, 1731624057960762476, 
0.2633860111236572, 0.24259036779403687, 0.0668521713883265, 0.18593575749124647, 0.43331567725286496, 0.42910000088167155, 0.9180238516003906, 0.4917072843797001, 1731624058009075069, 
-0.23672360181808472, -0.08385103940963745, -0.09809379697631518, 0.1314158553833174, 0.36928055254156134, 0.3558699597876251, 0.9075561966216811, 0.5296242819245018, 1731624058153614673, 
-0.3414883613586426, -0.2587383985519409, -0.23009106281140704, 0.10621950700541209, 0.3099485175999242, 0.3427004840285065, 0.8972087241189977, 0.5618360562230416, 1731624058264814642, 
0.15208953619003296, 0.1081705093383789, -0.02325423488395456, 0.12400024055612059, 0.350169508147228, 0.35411490055834605, 0.8855037925379433, 0.5947280195662342, 1731624058360761720, 
-0.009744763374328613, 0.29453057050704956, -0.014405313051527351, 0.15391639846868313, 0.4051929612469904, 0.37985950692480436, 0.8710334546953944, 0.631300265631313, 1731624058408780500, 
-0.3415278196334839, 0.20385140180587769, -0.18990832750684805, 0.16368487644004517, 0.40429147227524753, 0.4048684863889638, 0.8543740389587638, 0.66898959038676, 1731624058553349387, 
-0.19455230236053467, -0.15409475564956665, -0.193695597536187, 0.11858123542777398, 0.33994137377309985, 0.3488284880172403, 0.8380153059593191, 0.7024445432987261, 1731624058664978582, 
0.30853456258773804, 0.3806697130203247, 0.07843671145237466, 0.16678667766311456, 0.4141063366279525, 0.40276292080254134, 0.8192758535299159, 0.7374418812270839, 1731624058760759990, 
0.36579418182373047, 0.026521265506744385, 0.23171422346929235, 0.1416433861407131, 0.3897135197490469, 0.36345515093221115, 0.7998030112822042, 0.7705719400772874, 1731624058808825879, 
-0.16316932439804077, -0.001272439956665039, 0.018626220421863543, 0.1320400241459272, 0.3699784405470887, 0.3568857254241059, 0.7800717064550231, 0.8014253076057827, 1731624058954594921, 
0.43166249990463257, 0.5993778109550476, 0.24311364682819114, 0.21901749836463874, 0.4721041056139132, 0.46391780067202226, 0.7554923488648715, 0.8368586933864532, 1731624059000724900, 
-0.4262741208076477, -0.19741839170455933, -0.11962107067896843, 0.12049165960464345, 0.3717363508469439, 0.32413203424987036, 0.7315421642903199, 0.8688313436386393, 1731624059160774406, 
-0.30637258291244507, 0.013167619705200195, -0.2198681890910555, 0.11717279620800085, 0.35834265573154145, 0.3269853430337438, 0.7078746333919704, 0.8979103883775915, 1731624059208802281, 
0.16423100233078003, 0.569244384765625, -0.010893614914869232, 0.19185083754295565, 0.4371531957696667, 0.4388640856329017, 0.6802016655820311, 0.9295320229458621, 1731624059353185320, 
-0.13531506061553955, 0.0027607083320617676, -0.07909929262925887, 0.1400137349696971, 0.38552642747686156, 0.3631754530708544, 0.6524626853011886, 0.9590354940585347, 1731624059464935464, 
-0.3318014144897461, 0.09868568181991577, -0.21453606987137563, 0.13191803380919137, 0.38404956620799363, 0.34349220886177795, 0.6241111074774434, 0.9869955868692979, 1731624059560826195, 
-0.00033104419708251953, 0.443589985370636, -0.09762763115233557, 0.18025856391954198, 0.43158581958566267, 0.41766563158306835, 0.5925144761038129, 1.0158073840635908, 1731624059608833308, 
-0.16756302118301392, 0.33013617992401123, -0.13459359940413151, 0.19150864744467797, 0.4417501231214353, 0.43352256721846577, 0.5582960207249852, 1.0447185717715097, 1731624059752871288, 
0.4994615316390991, -0.09216594696044922, 0.20411705639245803, 0.13166693154883932, 0.37592312165178626, 0.35024962276941574, 0.5273150912209549, 1.0686532922900305, 1731624059865014318, 
0.20231199264526367, 0.46864867210388184, 0.20475912345690234, 0.19196361314797672, 0.4517912006885358, 0.4248945372451292, 0.4936933917975703, 1.0926233266881777, 1731624059960785155, 
-0.11449605226516724, 0.05886375904083252, 0.03159129059966831, 0.1576998730874043, 0.4061838052154509, 0.38824756443392916, 0.4593577905625263, 1.11511473514992, 1731624060008843528, 
-0.3445936441421509, -0.04311090707778931, -0.17153363495801247, 0.12597701728727365, 0.36513075502027914, 0.3450189159778583, 0.4264388825119268, 1.134947644360759, 1731624060104907712, 
0.07378590106964111, 0.7254100441932678, -0.036365787927379406, 0.21622003748498417, 0.4719036871115801, 0.4581867940223566, 0.38729043730137735, 1.1565489675651985, 1731624060265780812, 
-0.36608195304870605, 0.40451622009277344, -0.2131572836024891, 0.21448953157476036, 0.4732213775363005, 0.4532541042237827, 0.3439953555961416, 1.1782236094135696, 1731624060360789305, 
-0.22292131185531616, -0.06317687034606934, -0.22056006922942847, 0.13992770344500402, 0.37693454214922084, 0.3712254723251377, 0.3054178929599264, 1.195349608889991, 1731624060408806331, 
-0.3220402002334595, -0.013593912124633789, -0.27516910966025904, 0.12095094576160406, 0.35022526673632814, 0.3453518556462793, 0.27030048847420785, 1.2093586957396716, 1731624060553460902, 
0.38970106840133667, 0.6310303211212158, 0.08539989459684721, 0.20618737182345548, 0.45667253931746143, 0.4514993875734705, 0.2297869285464383, 1.2237444998165667, 1731624060664838376, 
