acc_x, acc_y, angular_z, stamp, 
-0.022601187229156494, 0.007861852645874023, -7.022737384590792e-11, 1727992810841342924
-0.009995758533477783, 0.0006238818168640137, -3.981516562656029e-11, 1727992810873324887
-0.015425264835357666, 0.011351943016052246, -3.6541820748986804e-11, 1727992810901052961
0.004284083843231201, 0.009652435779571533, -3.585086599956897e-11, 1727992810930437487
-0.0065805912017822266, -0.022700130939483643, -2.580991812444718e-11, 1727992810960371568
-0.003123044967651367, 0.014889836311340332, 1.9922865722176925e-06, 1727992810990289064
0.014741897583007812, -0.021132946014404297, 1.9886269751381367e-06, 1727992811020261784
0.0021404027938842773, 0.002191603183746338, -4.7837956120862727e-14, 1727992811050220839
0.025478065013885498, -0.03553527593612671, -1.9963620587902205e-14, 1727992811081434879
0.012708663940429688, 0.009495437145233154, 2.8905508875661908e-12, 1727992811113063098
0.007193505764007568, -0.013703107833862305, 1.8951402928819876e-11, 1727992811140578627
-0.0036190152168273926, -0.013550817966461182, 2.943120149033855e-11, 1727992811169991052
0.012593567371368408, 0.002851128578186035, 5.029847581989888e-11, 1727992811199934416
0.003530144691467285, 0.0030525922775268555, 6.702733357482816e-11, 1727992811229961311
-0.01454150676727295, -0.00755995512008667, 8.830476368845942e-11, 1727992811259848574
0.010602355003356934, -0.021755695343017578, 1.0442406756265257e-10, 1727992811290203090
-0.0038765668869018555, -0.0037235021591186523, 1.2876209502663468e-10, 1727992811321561132
0.035411179065704346, 0.012332260608673096, 1.371972650490319e-10, 1727992811353805508
-0.00601959228515625, 0.00678330659866333, 1.8714197284087548e-10, 1727992811379733571
-0.0008987188339233398, -0.005986154079437256, 1.6188624731848975e-10, 1727992811409640695
0.02237522602081299, -0.031241953372955322, 1.2598257250169042e-10, 1727992811439609321
-0.028106749057769775, 0.03513610363006592, 1.2437116591581136e-10, 1727992811469539168
0.005891561508178711, -0.056643545627593994, 5.410284130496161e-11, 1727992811499436080
-0.02824234962463379, 0.027796566486358643, 4.822082758306511e-11, 1727992811529483173
0.0148468017578125, 0.0008053183555603027, 3.927151222364928e-11, 1727992811561287175
0.011251270771026611, -0.019002556800842285, 2.4818918319217115e-11, 1727992811592096817
0.00392836332321167, 0.002525806427001953, 8.417593119147574e-12, 1727992811619273678
0.009087681770324707, 0.0041695237159729, -1.990246594863182e-06, 1727992811649222371
4.3451786041259766e-05, -0.01030820608139038, -7.58299040409859e-11, 1727992811679107779
-0.012633860111236572, -0.03726857900619507, -9.288606011079217e-11, 1727992811709131165
0.00895678997039795, 0.00782090425491333, -1.9932180051845763e-06, 1727992811739035422
0.02847599983215332, 0.011584758758544922, 3.678053183303049e-11, 1727992811768991318
-0.005767762660980225, -0.009812891483306885, -1.8362276498571634e-06, 1727992811801450232
-0.027391433715820312, -0.015142560005187988, 1.2276111367272447e-10, 1727992811828977856
-0.0002681612968444824, 0.001010119915008545, -1.994713964328227e-06, 1727992811858857424
-0.012727558612823486, 0.027938127517700195, 9.499083080141752e-11, 1727992811888851435
0.012372791767120361, -0.020604431629180908, 7.474435474881099e-11, 1727992811918755296
-0.0021021366119384766, 0.009970486164093018, -1.9900083729199734e-06, 1727992811948706062
-0.01462697982788086, -0.020552515983581543, 6.78277386157818e-11, 1727992811978692897
-0.012709736824035645, -0.0025702714920043945, 7.70723587156209e-11, 1727992812009059414
0.016115248203277588, -0.004308879375457764, -1.8470541750414658e-06, 1727992812041328441
0.0033681392669677734, -0.004240989685058594, 8.364011370651728e-11, 1727992812068566881
-0.02733713388442993, -0.009370207786560059, 1.4587766390714284e-10, 1727992812098472923
-0.011050581932067871, -0.0037244558334350586, 2.0889221603674978e-10, 1727992812128423253
0.010491907596588135, 0.0036487579345703125, 2.2943947013812435e-10, 1727992812158407111
0.026569902896881104, -0.005271553993225098, 2.4063167630721833e-10, 1727992812188434945
0.020901083946228027, -0.014174044132232666, 2.932966432445557e-10, 1727992812218380483
-0.04210454225540161, 0.003868699073791504, 3.735562567005387e-10, 1727992812249599886
0.0099831223487854, 0.0038600564002990723, 3.378141132465645e-10, 1727992812281050033
-0.02010798454284668, 0.0038347244262695312, 2.7371490257264807e-10, 1727992812308277802
-0.02536565065383911, 0.005514919757843018, 1.6926254001662314e-10, 1727992812338309257
-0.02717489004135132, 0.026940882205963135, 1.3396669427905638e-10, 1727992812368297056
-0.032113730907440186, 0.012392938137054443, 4.437890715850682e-11, 1727992812398236375
-0.0012139081954956055, 0.001404404640197754, -1.0326415508165202e-11, 1727992812428150006
0.026006639003753662, 0.015584111213684082, -1.5184421903067473e-11, 1727992812458076298
0.016992032527923584, -0.01503211259841919, -6.330917071528155e-13, 1727992812489053872
-0.031562209129333496, -0.01504141092300415, 5.9946323752422545e-12, 1727992812520202885
0.0008804202079772949, -0.020433902740478516, 1.6076457872339775e-12, 1727992812548206375
0.03495699167251587, -0.002457141876220703, 2.000836818270791e-06, 1727992812577996265
0.03819739818572998, -0.013150930404663086, -7.370988360830485e-13, 1727992812607967420
0.007306098937988281, -0.005778372287750244, 1.1265450194151121e-11, 1727992812637770925
-0.028786897659301758, 0.014155805110931396, 4.701155463200255e-11, 1727992812667769016
-0.0017484426498413086, 0.008781909942626953, 5.1164218228779293e-11, 1727992812697738763
-0.0001462101936340332, -0.014687597751617432, 3.535681805116807e-11, 1727992812729102265
-0.011037468910217285, -0.0020828843116760254, 3.8312980586867845e-11, 1727992812759768271
-0.023697316646575928, -0.016337692737579346, 5.96836166230514e-11, 1727992812787750887
0.0035967230796813965, -0.00164872407913208, 6.801014332500984e-11, 1727992812817671217
0.012666821479797363, 0.003867805004119873, 4.181287354121862e-11, 1727992812847700975
0.0290297269821167, 0.018312573432922363, 1.9905954609122393e-06, 1727992812877644405
-0.007072806358337402, -0.006724238395690918, 1.9835739848209634e-06, 1727992812907694284
-0.015985608100891113, 0.007958829402923584, 8.409638467227706e-11, 1727992812937692431
0.010833978652954102, -0.009905755519866943, 7.986800923928376e-11, 1727992812969165605
0.009005367755889893, 0.004483520984649658, 1.0992263716968054e-10, 1727992812997306571
-0.00026738643646240234, -0.015360116958618164, 1.200249949032302e-10, 1727992813027622547
-0.029141902923583984, -0.009825587272644043, 2.050606355703812e-10, 1727992813056865120
-0.018286168575286865, 0.02247762680053711, 1.7153333776529748e-10, 1727992813086868661
0.0054590702056884766, 0.013324260711669922, 1.987598976268517e-06, 1727992813116857834
0.014435112476348877, 0.020207345485687256, 2.4249233905494373e-11, 1727992813147090602
0.03415292501449585, 0.00017029047012329102, 1.6555752236772785e-11, 1727992813177107967
-0.023551464080810547, 0.00010699033737182617, -1.8291714441645429e-06, 1727992813209693285
0.012587428092956543, 8.368492126464844e-05, 1.2278733187139825e-11, 1727992813236666623
-0.0018523931503295898, 0.023237287998199463, 2.142242053443689e-12, 1727992813266648331
0.01978325843811035, -0.012858986854553223, -4.478737840366689e-12, 1727992813296517722
0.003215968608856201, -0.005888402462005615, -2.718591581765341e-11, 1727992813326486585
-0.0003529787063598633, 0.006471693515777588, -7.109769317908909e-11, 1727992813355359481
0.005074203014373779, 0.0007695555686950684, -9.169786641863233e-11, 1727992813386404494
0.014118731021881104, 0.027300119400024414, -1.1203735085992916e-10, 1727992813417184657
0.008478701114654541, 0.021471738815307617, -1.9076482157998222e-10, 1727992813449040583
0.004653334617614746, -0.03626781702041626, -2.191686479565194e-06, 1727992813476241346
-0.015350878238677979, -0.009473264217376709, -1.9899160433939267e-06, 1727992813506201559
-0.013446271419525146, -0.007603287696838379, -4.2133363943202725e-10, 1727992813536138435
0.024299979209899902, -0.014627337455749512, -1.9890664395238247e-06, 1727992813566109684
0.008006751537322998, -0.030639827251434326, -1.9915517649752293e-06, 1727992813596043249
-0.0261726975440979, -0.00695490837097168, -2.521643059716873e-10, 1727992813626043371
-0.014986276626586914, 0.01133650541305542, -1.119585124295846e-10, 1727992813658209499
0.001617133617401123, 0.022633731365203857, -0.00014508792849264232, 1727992813689020813
0.03932547569274902, 0.0029168128967285156, -0.0009898050525779995, 1727992813715878286
1.005889892578125, 0.7085262537002563, 0.06855605134846306, 1727992813745710921
1.6474305391311646, -0.05274897813796997, 0.24472768836201775, 1727992813775648148
0.19411957263946533, -0.39221692085266113, 0.2509305152776632, 1727992813805631815
0.5058088302612305, 0.26938891410827637, 0.31711353838602463, 1727992813835587095
0.67143315076828, 0.8906872272491455, 0.4029104603953423, 1727992813865514733
0.28806835412979126, -0.011174440383911133, 0.4704301388652502, 1727992813897218573
0.3968730568885803, 0.044245004653930664, 0.5676886059045324, 1727992813928303237
0.9695353507995605, 0.06388622522354126, 0.7418342409435178, 1727992813955432132
0.21952468156814575, 0.3401501774787903, 0.6884070107483086, 1727992813985351926
0.6860299110412598, 0.4734693169593811, 0.743388072498051, 1727992814015258652
0.554636538028717, 0.2570796608924866, 0.8717351464496985, 1727992814045189313
0.5474604964256287, 0.4845707416534424, 0.9562906358137406, 1727992814075149754
0.42399269342422485, 0.5178502798080444, 0.990652747713568, 1727992814106021414
0.2885153293609619, 0.10619127750396729, 1.0550993487308498, 1727992814137177133
0.22185152769088745, 0.42185497283935547, 1.1889716147620146, 1727992814165075508
0.6144918203353882, 0.2910833954811096, 1.134363312814273, 1727992814194964547
-0.19554561376571655, 0.6530981659889221, 1.125631348253025, 1727992814224938508
-0.09898453950881958, -0.17085742950439453, 1.1252963956250015, 1727992814253886619
0.013795852661132812, -0.21661049127578735, 1.059872359129963, 1727992814284837197
-0.10549664497375488, 0.3607935309410095, 1.1190945406365305, 1727992814314784313
-0.07875746488571167, 0.46859681606292725, 1.1351083452565713, 1727992814345360950
-0.20319688320159912, 0.4654896855354309, 1.1030879975415133, 1727992814377258549
0.15704834461212158, 0.4754221439361572, 1.3123082016068597, 1727992814404683137
0.5688315033912659, 0.6209849715232849, 1.1792362834476975, 1727992814434565045
-0.012335062026977539, -0.2794305682182312, 1.1595459707122868, 1727992814464510652
-0.16239500045776367, 0.09533321857452393, 1.14347194613586, 1727992814494466930
-0.17683875560760498, 0.4252106547355652, 1.1829746943546482, 1727992814523443264
0.2527562379837036, 0.4714556932449341, 1.1247536286589657, 1727992814554359288
-0.5884091258049011, 0.1734304428100586, 1.1139502330415938, 1727992814585543257
0.5744922757148743, 0.08556950092315674, 1.069305019045435, 1727992814617655356
-0.2279491424560547, 0.5789055228233337, 1.2707166034800341, 1727992814644258307
0.4640466570854187, -0.005460619926452637, 1.1335053034042846, 1727992814674175183
0.2937578558921814, 0.31507551670074463, 1.1286328265539785, 1727992814704136525
-0.17676424980163574, 0.573779821395874, 1.0933570622163997, 1727992814734043992
-0.30514347553253174, 0.1672576665878296, 1.1165700504864546, 1727992814764060181
-0.42254090309143066, 0.3669450283050537, 1.1553389635737161, 1727992814794027662
0.12160861492156982, 0.3759060502052307, 1.106054962948681, 1727992814825307094
-0.051271140575408936, 0.1361575722694397, 1.06657906757787, 1727992814857192974
0.20901048183441162, -0.18494141101837158, 1.3138702469406591, 1727992814882903693
-0.1462807059288025, 0.0403447151184082, 1.1016936611499857, 1727992814913767101
0.17049968242645264, 0.35839003324508667, 1.1647114697936263, 1727992814943739090
-0.31778478622436523, 0.4802771806716919, 1.1371242974708415, 1727992814973707003
0.025818347930908203, 0.7371746897697449, 1.150948661287356, 1727992815003602244
-0.11438983678817749, 0.33008497953414917, 1.1575229111522616, 1727992815033647559
-0.049191832542419434, -0.09283989667892456, 1.0545299258846235, 1727992815066118723
-0.025420427322387695, 0.06703740358352661, 1.1207930144410458, 1727992815096125791
-0.0045084357261657715, 0.4314571022987366, 1.247700827553731, 1727992815123505304
-0.06531918048858643, 0.38925445079803467, 1.1378550199197697, 1727992815153408048
0.00838536024093628, 0.05243968963623047, 1.1292289839801568, 1727992815183294478
-0.10414224863052368, 0.25079846382141113, 1.150032070801716, 1727992815213334676
-0.2920217514038086, -0.07028484344482422, 1.1592857954216167, 1727992815243230174
-0.060594379901885986, 0.1790095567703247, 1.1687503254092915, 1727992815273173614
0.4011555314064026, 0.1063799262046814, 1.0813126337076602, 1727992815305602447
-0.08702504634857178, 0.22534936666488647, 1.2457671869720102, 1727992815333152741
0.23240458965301514, 0.5444080233573914, 1.1708739275927542, 1727992815362991689
-0.3932079076766968, 0.8328848481178284, 1.145205685862426, 1727992815393054138
0.3230247497558594, 0.2932591438293457, 1.1441278291152424, 1727992815422939594
-0.41179174184799194, -0.2663426995277405, 1.1515589805026227, 1727992815452881190
0.3788835406303406, 0.17517799139022827, 1.1656446073921038, 1727992815482854334
-0.20980483293533325, 0.3697200417518616, 1.1390428690051497, 1727992815513584232
0.3924940824508667, -0.15020108222961426, 1.0738623629938526, 1727992815545329331
-0.055969417095184326, 0.03344494104385376, 1.236578532413647, 1727992815572788038
0.28393375873565674, 0.7085157632827759, 1.1258665250437714, 1727992815602627713
-0.3900153636932373, 0.20181572437286377, 1.138133146435241, 1727992815632629344
-0.08800941705703735, -0.26177436113357544, 1.1312805607786176, 1727992815662559347
-0.17469871044158936, 0.38559097051620483, 1.194504582870781, 1727992815691471409
0.14802998304367065, 0.2701975107192993, 1.1169404981096251, 1727992815722478265
0.00019174814224243164, 0.3167797327041626, 1.1263212217504157, 1727992815753186280
0.0727623701095581, 1.112351894378662, 1.0661966912755145, 1727992815785756917
-0.2328246831893921, -0.03678935766220093, 1.316133621863775, 1727992815812403336
-0.11311882734298706, -0.3345453143119812, 1.1561265832791068, 1727992815842344392
-0.3547365665435791, -0.019918859004974365, 1.1666326389955983, 1727992815872262889
0.18432778120040894, -0.001699984073638916, 1.2079484281922603, 1727992815901931575
-0.5864890217781067, 0.3473830819129944, 1.153248593354284, 1727992815932855644
0.4566636085510254, -0.3496248722076416, 1.1592034248927712, 1727992815962961997
-0.42641299962997437, 0.09785866737365723, 1.1191839402645336, 1727992815993235318
0.8207796216011047, 0.30477309226989746, 1.0761549188153532, 1727992816024855783
-0.1647789478302002, 0.3171733617782593, 1.265108634049986, 1727992816051969769
-0.12530314922332764, -0.0658726692199707, 1.1237306479134872, 1727992816082001745
-0.20951855182647705, 0.6000648140907288, 1.1465954536499061, 1727992816110903897
-0.13977593183517456, 0.3262699842453003, 1.113936291170579, 1727992816141746841
-0.06749564409255981, -0.09689486026763916, 1.1813649347430564, 1727992816171792445
0.29157084226608276, 0.2902171015739441, 1.1615032510746397, 1727992816201817075
-0.3439521789550781, 0.19167989492416382, 1.0881327351834815, 1727992816233462298
0.4445072412490845, 0.17512649297714233, 1.1412801121320355, 1727992816264105592
0.04632675647735596, 0.07064467668533325, 1.2616166461200757, 1727992816301492196
0.07995730638504028, 0.08601170778274536, 1.148356454406308, 1727992816331624472
0.0070609450340271, 0.07397520542144775, 1.1845727586923451, 1727992816361466655
-0.019299209117889404, 0.5818023681640625, 1.0940862192549647, 1727992816393234881
-0.033646345138549805, 0.4783903956413269, 1.2256566884875417, 1727992816421338869
-0.4605109691619873, 0.4869080185890198, 1.159681544290043, 1727992816451255935
0.05274325609207153, -0.17219537496566772, 1.200275061262233, 1727992816481202255
-0.17002886533737183, 0.22541171312332153, 1.1808344574475194, 1727992816511188014
-0.22185105085372925, 0.0525515079498291, 1.1552277841668626, 1727992816541118744
0.19246554374694824, 0.06063699722290039, 1.1516455938322336, 1727992816571018071
-0.3592357039451599, 0.07697302103042603, 1.1077982548323877, 1727992816602185870
0.16034972667694092, 0.5164637565612793, 1.1016228784206328, 1727992816633489819
-0.2885938882827759, 0.24286139011383057, 1.2902610975854014, 1727992816659920042
0.7849682569503784, -0.16049551963806152, 1.1167376687358348, 1727992816690851825
-0.29086875915527344, 0.6851310729980469, 1.1621956437805556, 1727992816720815721
0.3957039713859558, 0.027561724185943604, 1.146466933983654, 1727992816750742798
-0.40872007608413696, 0.19127881526947021, 1.150051497587996, 1727992816780710571
-0.07766890525817871, 1.0447496175765991, 1.1696014472098941, 1727992816810699761
-0.3932672142982483, 0.09611481428146362, 1.2113686907069792, 1727992816840267872
-0.33459532260894775, -0.5458562970161438, 1.0929933291468963, 1727992816872397337
0.19566059112548828, 0.2378050684928894, 1.240507260642233, 1727992816900527925
-0.1636778712272644, 0.2685040235519409, 1.1624098080185277, 1727992816930427002
-0.24167615175247192, 0.1913437843322754, 1.1431983759763884, 1727992816960426359
0.11322551965713501, 0.7458358407020569, 1.1535451897882762, 1727992816990350723
-0.20531046390533447, 0.4244077801704407, 1.190030223937389, 1727992817020256979
-0.20587754249572754, -0.007638216018676758, 1.1677897861685356, 1727992817050301271
-0.514611542224884, 0.012013137340545654, 1.0962621663782963, 1727992817081750154
0.12371313571929932, 0.1751130223274231, 1.0980287505726183, 1727992817112884969
-0.5106980800628662, 0.4859461784362793, 1.2310605828574879, 1727992817140132214
0.8137121200561523, 0.13186466693878174, 1.1019441192890593, 1727992817170074384
-0.25599074363708496, -0.04124724864959717, 1.1311595730044244, 1727992817199961857
-0.2230578064918518, 0.5469390749931335, 1.137978744133578, 1727992817229982100
-0.42769742012023926, 0.19109535217285156, 1.1661862990219674, 1727992817260189445
-0.08599019050598145, -0.025032877922058105, 1.240127577583753, 1727992817288890686
-0.37488430738449097, 0.43028032779693604, 1.0696475132667995, 1727992817321431431
0.26528090238571167, 0.2596571445465088, 1.1168654178242872, 1727992817352431996
-0.7630183696746826, 0.3898356556892395, 1.2872349920325532, 1727992817379690404
-0.0770612359046936, 0.356270432472229, 1.1454700855935016, 1727992817409690425
-0.16093403100967407, -0.20196908712387085, 1.1509601002452825, 1727992817439562437
-0.4392908215522766, -0.05953240394592285, 1.164993373401038, 1727992817469546318
0.10979431867599487, 0.43683385848999023, 1.1914675946653412, 1727992817499488008
-0.2178208827972412, 0.3596037030220032, 1.1489798128877913, 1727992817529517034
-0.1365131139755249, 0.16434025764465332, 1.0248401510672474, 1727992817561711943
0.10143327713012695, 0.6684831380844116, 1.136259166462602, 1727992817591427435
-0.4103686213493347, 0.26536834239959717, 1.2205218316218949, 1727992817619280299
-0.27157288789749146, -0.08038133382797241, 1.121219906551585, 1727992817649294751
0.0931207537651062, 0.19297349452972412, 1.1311444823067003, 1727992817679223790
-0.1469590663909912, 0.37131989002227783, 1.1646411844628999, 1727992817709162732
-0.45771461725234985, 0.4463539123535156, 1.1424799424589605, 1727992817739348417
-0.01917707920074463, 0.2005709409713745, 1.1545376402244705, 1727992817769347526
-0.8256678581237793, 0.45746058225631714, 1.079660112066838, 1727992817801593922
0.5083094835281372, -0.2822621464729309, 1.257173225514175, 1727992817829021630
-0.026262938976287842, -0.09175944328308105, 1.212037436674848, 1727992817857921896
-0.7112551331520081, 0.2574794888496399, 1.1505165935969854, 1727992817887887958
-0.040021657943725586, 0.5012487769126892, 1.1305718020586597, 1727992817918825852
-0.3333449363708496, 0.5287970900535583, 1.175171873147209, 1727992817948771528
-0.1802728772163391, 0.48151034116744995, 1.151832000249035, 1727992817978720623
-0.04372584819793701, 0.3951752185821533, 1.091209011788416, 1727992818009793630
0.11217319965362549, 0.011522829532623291, 1.0885436344044386, 1727992818041490822
-0.21811014413833618, 0.12251240015029907, 1.2543736890042847, 1727992818068621177
0.24678856134414673, 0.18356239795684814, 1.1205286818722975, 1727992818098512733
-0.49582433700561523, 0.12501311302185059, 1.1408100747728327, 1727992818128495925
-0.3555864095687866, 0.23854213953018188, 1.1769172664111498, 1727992818158437406
0.01535797119140625, 0.571597695350647, 1.1593951477125561, 1727992818188396413
-0.010351181030273438, 0.2940540909767151, 1.138765732215218, 1727992818218359640
0.11242228746414185, -0.17602258920669556, 1.0985531866432292, 1727992818249670988
0.04309910535812378, 0.5433897376060486, 1.0574738574501392, 1727992818281304575
-0.15916389226913452, 0.18713688850402832, 1.241031346069518, 1727992818308436944
0.10083568096160889, 0.2872852683067322, 1.149911076475982, 1727992818338275720
-0.12111514806747437, 1.2166473865509033, 1.1357376193603206, 1727992818368178091
0.20759767293930054, 0.33889925479888916, 1.1617522365131525, 1727992818398185544
-0.5477830171585083, -0.21621304750442505, 1.1824754336691574, 1727992818428154900
0.8578144907951355, 0.12006282806396484, 1.1737411178281385, 1727992818458153602
-0.36656343936920166, 0.16852062940597534, 1.0999470776934983, 1727992818489287737
-0.04242438077926636, 0.043536365032196045, 1.0656694158780173, 1727992818520834395
-0.31234973669052124, 0.7651085257530212, 1.2370613099297538, 1727992818548083022
-0.04962348937988281, 0.7832940816879272, 1.148843900931545, 1727992818578078482
-0.38827234506607056, 0.25379735231399536, 1.1348430161985552, 1727992818608077602
0.5158081650733948, 0.31456196308135986, 1.1511092344928016, 1727992818637958375
-0.1154908537864685, 0.2650398015975952, 1.1436655865788197, 1727992818667993102
0.19473499059677124, 0.22023707628250122, 1.1068353364070012, 1727992818698002023
-0.06987309455871582, -0.005240142345428467, 1.0810801590591828, 1727992818729321583
-0.1449856162071228, 0.8127297163009644, 1.1214053835066884, 1727992818759420060
-0.1084216833114624, 0.46327972412109375, 1.1933187059817036, 1727992818796900816
-0.38183581829071045, 0.020324289798736572, 1.0995181358479618, 1727992818828152884
0.3027941584587097, 0.3882182240486145, 1.2033346569989423, 1727992818856912046
-0.501891553401947, 0.9547378420829773, 1.039235861189427, 1727992818889361854
0.20792490243911743, 0.15126419067382812, 1.2430187283220309, 1727992818917229171
-0.17401349544525146, 0.23211592435836792, 1.148629475700754, 1727992818947256663
0.13295966386795044, 0.426944375038147, 1.1484273440713588, 1727992818977103300
-0.09379523992538452, 0.037589192390441895, 1.1558460930893302, 1727992819007095258
-0.3321834206581116, -0.20632028579711914, 1.1527806400894398, 1727992819037235405
-0.0007900595664978027, 0.4601157307624817, 1.1358074340095745, 1727992819067205494
-0.35752594470977783, 0.5392247438430786, 1.0762885906153437, 1727992819098122405
0.33123499155044556, 0.31429946422576904, 1.0748895526567765, 1727992819128939880
-0.30152320861816406, 0.7309226989746094, 1.2271270690132576, 1727992819156840854
0.5856224298477173, 0.3322245478630066, 1.175759375516183, 1727992819186802839
-0.7633901834487915, 0.16423875093460083, 1.1492532758527998, 1727992819216657984
0.5566776394844055, -0.28249043226242065, 1.1224205835534136, 1727992819246667591
-0.7414128184318542, 0.49252545833587646, 1.1535389327122716, 1727992819276573196
0.45322149991989136, 0.5685305595397949, 1.1286813587594915, 1727992819306530398
-0.5764511823654175, 0.28544890880584717, 1.0609768477666666, 1727992819337763313
0.1797109842300415, 0.3484765291213989, 1.0355335581012564, 1727992819370075844
-0.2982482314109802, -0.18426871299743652, 1.2964875110848098, 1727992819396459104
0.31071239709854126, 0.3836303949356079, 1.1272213465850467, 1727992819426323968
-0.24720972776412964, 0.07820087671279907, 1.1390818731699996, 1727992819456282120
-0.12562572956085205, 0.3303776979446411, 1.1486373030348889, 1727992819486253812
-0.4585264325141907, 0.8233423233032227, 1.1798323481579724, 1727992819516341997
0.46398764848709106, 0.5388003587722778, 1.1630961671812503, 1727992819546119531
-0.3304769992828369, 0.11584818363189697, 1.0908801174179477, 1727992819577850021
0.27769923210144043, -0.17741703987121582, 1.0898049688373264, 1727992819609811591
-0.2466757893562317, 0.25069528818130493, 1.2940138745469887, 1727992819636158879
0.10958850383758545, 0.3486946225166321, 1.1124435986587717, 1727992819666349392
-0.5295581817626953, 0.009356379508972168, 0.9654864980342517, 1727992819689422876
-0.025543570518493652, -0.10446113348007202, 1.2444364411453241, 1727992819726100542
-0.46332138776779175, 0.2813286781311035, 1.1993278152070037, 1727992819754988540
0.8598254323005676, 0.39929014444351196, 1.146790890054453, 1727992819785864958
-0.6152735948562622, 0.3165132403373718, 1.0858990307211625, 1727992819817779520
0.4316056966781616, 0.07066589593887329, 1.1209122878337028, 1727992819847844573
-0.37617844343185425, 0.3939937949180603, 1.230375791939761, 1727992819875708909
-0.32815879583358765, -0.0038156509399414062, 1.1621302469643238, 1727992819905510273
0.20842373371124268, 0.055180251598358154, 1.1766610397678836, 1727992819935461269
-0.23475563526153564, 0.18712270259857178, 1.1653196343023868, 1727992819965415845
-0.19800198078155518, 0.24155229330062866, 1.1454145984171968, 1727992819995338414
0.19291025400161743, 0.7969850897789001, 1.1255972182040368, 1727992820025674998
-0.378892183303833, 0.37566858530044556, 1.0746768235415278, 1727992820057955988
0.12900769710540771, 0.38945716619491577, 1.2638601568825591, 1727992820085259221
0.09097188711166382, -0.060659825801849365, 1.1414355656877988, 1727992820115178447
-0.12298858165740967, 0.1583573818206787, 1.1614385877252167, 1727992820145167513
-0.5645094513893127, 0.18144047260284424, 1.1699736065317161, 1727992820175070214
0.21145206689834595, 0.15327870845794678, 1.1569420752030974, 1727992820205041778
-0.5732559561729431, 0.26166820526123047, 1.1256726232317844, 1727992820235028086
0.8057639002799988, 0.44523847103118896, 1.107126990141, 1727992820264979171
-0.5016076564788818, 0.1742725968360901, 1.0428081105462348, 1727992820297766054
0.006371796131134033, 0.060478150844573975, 1.2684528484629187, 1727992820324833507
-0.20363962650299072, 0.4278113842010498, 1.1538847140496438, 1727992820354761954
-0.01899886131286621, 0.028487443923950195, 1.1743975865792158, 1727992820384759072
-0.3536933660507202, 0.40637874603271484, 1.1884580802195965, 1727992820414655846
0.36581307649612427, 0.7909764647483826, 1.1557268489083976, 1727992820444617869
-0.46173250675201416, 0.12136214971542358, 1.1470035649455164, 1727992820474604021
0.20158052444458008, -0.2668820023536682, 1.0798044446793473, 1727992820506103829
0.26821547746658325, 0.09129500389099121, 1.0859341775894396, 1727992820537729399
-0.6290988326072693, 0.11263489723205566, 1.261215668908772, 1727992820564487825
0.24759012460708618, 0.24455863237380981, 1.1448315138103944, 1727992820594353662
-0.41962772607803345, 0.6027576327323914, 1.165709083160032, 1727992820624329619
0.2463793158531189, 0.6010981202125549, 1.188626917964664, 1727992820654293228
-0.0410955548286438, 0.07439064979553223, 1.1685755236249449, 1727992820684250545
0.18429064750671387, -0.09282130002975464, 1.1474716938867637, 1727992820714344994
0.23018205165863037, 0.2101680040359497, 1.0829334602180738, 1727992820746010655
0.276710569858551, 0.6538441181182861, 1.0595505931526734, 1727992820777022520
-0.16467761993408203, -0.09735453128814697, 1.221819969651573, 1727992820804096730
-0.37405526638031006, 0.3499256372451782, 1.1347598010709061, 1727992820834009320
0.04933899641036987, 0.7278201580047607, 1.1481268738838484, 1727992820863933749
-0.05594170093536377, 0.10983550548553467, 1.2097342868444652, 1727992820892910294
0.2714860439300537, 0.05576300621032715, 1.1462211495421488, 1727992820923844866
0.17698156833648682, 0.024639248847961426, 1.2060220572923688, 1727992820952886281
0.18100249767303467, -0.05522972345352173, 1.09017700041545, 1727992820984792480
0.14010626077651978, 0.5570907592773438, 1.1418072528714835, 1727992821015739759
-0.29489123821258545, 0.5458554029464722, 1.2271814361771747, 1727992821043609784
0.6405962109565735, -0.017533421516418457, 1.1150393947655315, 1727992821073617317
-0.8348027467727661, -0.08243954181671143, 1.1212905428338167, 1727992821103492138
0.5009661316871643, 0.4102572202682495, 1.1487983179301666, 1727992821133489320
-0.2210744023323059, 0.1946200728416443, 1.1936313726754604, 1727992821163477565
-0.02672499418258667, 0.011231482028961182, 1.1581347591782452, 1727992821193750242
-0.17835760116577148, 0.6618128418922424, 1.0632106133325798, 1727992821225643801
0.006937146186828613, 0.42641985416412354, 1.2270019115992252, 1727992821253351031
-0.2449321150779724, -0.1889275312423706, 1.1595906503153697, 1727992821283232058
0.21578282117843628, 0.06728839874267578, 1.1482255785787294, 1727992821313232471
-0.14401477575302124, 0.44521206617355347, 1.1670404516476203, 1727992821343133912
-0.05880683660507202, 0.16482532024383545, 1.1405668148365902, 1727992821373132422
0.053363680839538574, 0.03966701030731201, 1.1373096908932, 1727992821403077690
-0.07104432582855225, 0.6218456625938416, 1.12534956071413, 1727992821433726253
-0.14595025777816772, -0.09216129779815674, 1.0619808863584803, 1727992821466108371
-0.08237576484680176, -0.040309906005859375, 1.2969762423671274, 1727992821493080030
-0.4151383638381958, -0.07140946388244629, 1.17059309720004, 1727992821522846252
0.32870590686798096, 0.34078288078308105, 1.1951204547773036, 1727992821551789819
-0.7350249886512756, 0.5330352187156677, 1.1130399883984103, 1727992821582775811
0.4495983123779297, 0.39733439683914185, 1.1583111228444143, 1727992821612765837
-0.5240090489387512, 0.3911532759666443, 1.1621816947217385, 1727992821642628269
0.7301225066184998, -0.39949142932891846, 1.1387481054219633, 1727992821673554933
-0.7392497062683105, 0.26567161083221436, 1.076266755164847, 1727992821705622553
0.14054936170578003, 0.25571209192276, 1.2898675928835015, 1727992821732481690
-0.33440226316452026, 0.06345248222351074, 1.1621293519323732, 1727992821762462916
-0.07511520385742188, -0.005457460880279541, 1.1600025050302418, 1727992821792424417
0.005174994468688965, 0.6707185506820679, 1.173971036920862, 1727992821822325423
0.024679183959960938, 0.17372500896453857, 1.1913674037456172, 1727992821852317457
-0.12308460474014282, -0.2781245708465576, 1.1709644545983442, 1727992821882260401
0.041435956954956055, 0.2474702000617981, 1.1129854281792597, 1727992821912912357
-0.3651975393295288, 0.27912580966949463, 1.1039301328573612, 1727992821944823769
-0.3894540071487427, 0.3486223816871643, 1.2852269011832287, 1727992821972110100
-0.23212909698486328, 0.860192060470581, 1.1513364250167106, 1727992822002451327
-0.08837825059890747, -0.04525834321975708, 1.1899421996139081, 1727992822032062271
-0.18266397714614868, -0.3673715591430664, 1.1685832855850045, 1727992822061968466
0.31046199798583984, 0.21897506713867188, 1.214520064761105, 1727992822090897111
-0.43914806842803955, 0.23498660326004028, 1.1647881337663653, 1727992822120877221
-0.122059166431427, 0.18748325109481812, 1.063120449582465, 1727992822153524808
-0.4437510371208191, 0.369385302066803, 1.2213399503418991, 1727992822181811940
-0.0020090341567993164, 0.5597358345985413, 1.178607488280837, 1727992822211733872
-0.7136253714561462, -0.14902395009994507, 1.1547081523843177, 1727992822241653991
0.5877939462661743, -0.1330432891845703, 1.1464465629604244, 1727992822271647927
-0.13948804140090942, 0.2726484537124634, 1.1781349075137826, 1727992822301585814
-0.16461330652236938, 0.6188663244247437, 1.1632249399640948, 1727992822331520413
-0.32473480701446533, 0.18054813146591187, 1.1564939873216618, 1727992822361946378
-0.27936625480651855, 0.027990400791168213, 1.1118558625524273, 1727992822393836876
-0.30395352840423584, 0.3800588846206665, 1.2826913670897182, 1727992822421439427
0.0026578307151794434, 0.02075517177581787, 1.153420325053412, 1727992822451307299
-0.08296853303909302, 0.11646556854248047, 1.1564085677640201, 1727992822481308994
-0.10234206914901733, 0.7606685161590576, 1.1381725605864799, 1727992822511227521
0.2827008366584778, 0.11394321918487549, 1.127472891640399, 1727992822541201032
-0.6823801398277283, 0.24208980798721313, 1.1398956840743315, 1727992822571167395
-0.16122877597808838, 0.3477632999420166, 1.1260500691873379, 1727992822601807068
-0.31841927766799927, -0.248918354511261, 1.1277435757275154, 1727992822633530123
-0.8528311252593994, -0.06347233057022095, 1.307820003530027, 1727992822661048360
1.2537184953689575, 0.6178529858589172, 1.254190820955753, 1727992822689899498
-0.5734137892723083, 0.5058186054229736, 1.140805866688729, 1727992822720878651
-0.13184291124343872, -0.07458782196044922, 1.1646238893496372, 1727992822750838826
0.08901858329772949, 0.551935613155365, 1.1250626874521248, 1727992822780732201
-0.13950717449188232, 0.2479824423789978, 1.118984837967808, 1727992822810734714
-0.4888439178466797, 0.16689109802246094, 1.105115351903648, 1727992822841777591
-0.14084774255752563, 0.02481710910797119, 1.0962469778133865, 1727992822873964402
0.038707733154296875, 0.5551033020019531, 1.327971699923526, 1727992822900630587
0.39180946350097656, 0.5186766386032104, 1.1533165256786648, 1727992822930526894
0.19007599353790283, -0.2226734161376953, 1.160442943209556, 1727992822960455274
-0.7278560400009155, 0.38171547651290894, 1.1413262195706968, 1727992822990438573
0.1382778286933899, -0.007313430309295654, 1.1347513700315184, 1727992823020362557
-0.2429484724998474, -0.19813352823257446, 1.140460128209537, 1727992823050331264
-0.18355923891067505, 0.5110770463943481, 1.1207217887555876, 1727992823081566453
-0.12459880113601685, 0.8573041558265686, 1.0776637538931146, 1727992823113843807
-0.3194524049758911, -0.1199294924736023, 1.2990708713473174, 1727992823150162428
0.11777371168136597, -0.10186856985092163, 1.1535021680167576, 1727992823180137740
-0.20183205604553223, 0.6101398468017578, 1.15654075284557, 1727992823210148974
0.11341232061386108, 0.7285779118537903, 1.1119257103659537, 1727992823241515910
-0.37517011165618896, 0.1107756495475769, 1.1029269097758536, 1727992823272714173
0.26458871364593506, 0.21064269542694092, 1.2719554411206573, 1727992823300010299
-0.4070233702659607, 0.38968968391418457, 1.1662625192203122, 1727992823330160049
0.6983786225318909, 0.6697485446929932, 1.1547431792504268, 1727992823359966751
-0.3644214868545532, 0.2681956887245178, 1.132096934091599, 1727992823389852038
0.14420032501220703, -0.012816190719604492, 1.1559182527730412, 1727992823419744112
-0.5981701016426086, 0.7403756976127625, 1.112727166622154, 1727992823449990193
0.3525530695915222, -0.2322034239768982, 1.0407925914039773, 1727992823481849111
-0.4142165184020996, 0.09186732769012451, 1.256487731779286, 1727992823509675466
-0.06133377552032471, 1.1181886196136475, 1.1874533535358929, 1727992823539472669
-0.07974135875701904, 0.38565921783447266, 1.178475108878794, 1727992823569461589
-0.1841685175895691, -0.02997267246246338, 1.1683249820535575, 1727992823599393183
-0.10677558183670044, 0.11517226696014404, 1.1610518625813933, 1727992823629411303
0.000855565071105957, 0.168609619140625, 1.1342582387579974, 1727992823659289714
-0.3787727952003479, -0.18056315183639526, 1.1283455862103662, 1727992823689593368
0.07989192008972168, 0.7722876071929932, 1.070405789560674, 1727992823721631711
-0.14784109592437744, 0.7207297086715698, 1.261075047402647, 1727992823749219510
-0.11605536937713623, 0.2631291151046753, 1.1585658854700427, 1727992823779150488
-0.23308438062667847, 0.3532557487487793, 1.1742819723595515, 1727992823809106628
0.13092976808547974, 0.17265218496322632, 1.1616902001692386, 1727992823838975470
-0.477919340133667, 0.20089322328567505, 1.1122170009731203, 1727992823868964811
0.7553645968437195, 0.031575798988342285, 1.1316037026918342, 1727992823898932392
-0.503374457359314, 0.6501064896583557, 1.0941936654963587, 1727992823929697098
0.13483011722564697, 0.5937682390213013, 1.0219813367792903, 1727992823962234261
-0.2862919569015503, 0.2162168025970459, 1.3017288395920832, 1727992823988838114
0.08093154430389404, 0.25821417570114136, 1.1855406731235933, 1727992824018678928
-0.6014842391014099, -0.19352692365646362, 1.173419619384907, 1727992824048688735
0.3345988988876343, -0.20320147275924683, 1.1696663722099518, 1727992824078608221
-0.263810932636261, 0.7270566821098328, 1.172119327496474, 1727992824108563463
0.04743146896362305, 0.7212826013565063, 1.138678638134047, 1727992824138561364
-0.11897462606430054, 0.388916015625, 1.0984778382896556, 1727992824169660725
-0.6325249671936035, 0.0896863341331482, 1.0627167417127996, 1727992824201808310
0.4395678639411926, 0.2907257080078125, 1.2850848814778442, 1727992824228533737
-0.6124910116195679, 0.23161351680755615, 1.1464514324725785, 1727992824258526730
0.32460910081863403, 0.11739486455917358, 1.146964874083008, 1727992824288493295
-0.6315110325813293, 0.5102640390396118, 1.1446497078549678, 1727992824318440217
-0.02491527795791626, 0.33750516176223755, 1.1504562739704924, 1727992824348344092
-0.03747504949569702, 0.0442996621131897, 1.1608568883091508, 1727992824378438749
0.4106018543243408, 0.27332693338394165, 1.0572428103491318, 1727992824410338906
-0.13132202625274658, 0.5005443692207336, 1.1126050841868689, 1727992824440760557
-0.24952012300491333, 0.11145240068435669, 1.218340186939395, 1727992824468428482
0.16529381275177002, 0.24385100603103638, 1.1274399099832777, 1727992824498349464
-0.34181058406829834, 0.41424816846847534, 1.1447353151128508, 1727992824528292272
0.07250797748565674, 0.3049238920211792, 1.1319837977386729, 1727992824558329609
0.13418710231781006, 0.8372077941894531, 1.1272660250131237, 1727992824588274615
-0.37211906909942627, 0.05880159139633179, 1.149798877394326, 1727992824618326232
0.04226893186569214, -0.2538908123970032, 1.1259992078917507, 1727992824649706667
-0.2625983953475952, 0.31276237964630127, 1.1486064574066324, 1727992824679752346
-0.46373873949050903, 0.4180145859718323, 1.1929481737873182, 1727992824718236404
-0.058265626430511475, 0.21189194917678833, 1.1476531143219955, 1727992824748248607
-0.026643991470336914, -0.27746862173080444, 1.1358241807500569, 1727992824778160841
-0.1368064284324646, 0.20445269346237183, 1.0624501080040911, 1727992824809681664
0.08902484178543091, 0.6040375232696533, 1.2295528876134256, 1727992824837427990
-0.1872531771659851, 0.20083832740783691, 1.1604968553862127, 1727992824867363817
0.09285801649093628, 0.1354319453239441, 1.1722581667996654, 1727992824897306861
-0.0006641745567321777, 0.6650359630584717, 1.1618276666629845, 1727992824927269913
-0.09985345602035522, 0.3932194709777832, 1.163022047750228, 1727992824957363317
-0.23525655269622803, -0.3015955686569214, 1.1601427808162204, 1727992824987127671
0.24659442901611328, 0.47464829683303833, 1.096003355353661, 1727992825018228308
0.00117415189743042, 0.4756971597671509, 1.121784029253033, 1727992825049070551
-0.3155115246772766, 0.14203155040740967, 1.2593437111435144, 1727992825076174187
0.29555433988571167, 0.7257437705993652, 1.1229796526940825, 1727992825107028141
-0.4770984649658203, 0.3233265280723572, 1.2065358658301217, 1727992825135927766
-0.0005743503570556641, -0.3820912837982178, 1.117093213295583, 1727992825166831286
-0.3217458128929138, 0.21153134107589722, 1.1866789962463946, 1727992825195916147
-0.18090754747390747, 0.4044644832611084, 1.1043361277934738, 1727992825227170273
0.0886806845664978, 0.5054638385772705, 1.128278268714713, 1727992825257783590
-0.2625672221183777, 0.5439823269844055, 1.0964455524302508, 1727992825289714936
0.3982502818107605, 0.40212690830230713, 1.3363491200080198, 1727992825316594754
-0.4868662357330322, -0.09579795598983765, 1.1771402705485723, 1727992825346600474
0.9062410593032837, 0.03352785110473633, 1.1399440242734904, 1727992825376512158
0.016446232795715332, 0.4759610891342163, 1.1237390870512363, 1727992825406429727
-0.09241372346878052, 0.5810874700546265, 1.1142887388448823, 1727992825436478487
-0.2614085078239441, 0.3109356760978699, 1.136002903854862, 1727992825466340987
0.2760506868362427, 0.0695185661315918, 1.0881105993431843, 1727992825498473369
-0.20780909061431885, 0.5177464485168457, 1.13949511277905, 1727992825529181407
0.11483216285705566, -0.004768192768096924, 1.2926653717953112, 1727992825556248062
-0.1420363187789917, 0.261233925819397, 1.1882407397836752, 1727992825586127512
0.7026152014732361, 0.24226778745651245, 1.0395492741470433, 1727992825608881381
-0.1045650839805603, 0.09658914804458618, 1.2465190406862101, 1727992825646106283
-0.22983092069625854, 0.19451862573623657, 1.1419990505610642, 1727992825676058614
0.04001885652542114, 0.3797328472137451, 1.1672534927378686, 1727992825706035534
-0.02211606502532959, -0.04976898431777954, 1.0939444825464013, 1727992825737821535
-0.2769625186920166, -0.34462809562683105, 1.1563044725793588, 1727992825767855822
0.16363507509231567, 0.6492587924003601, 1.260274751174049, 1727992825795768421
-0.3372870087623596, 0.7408171892166138, 1.1504976020872213, 1727992825825757786
-0.008470118045806885, -0.15915286540985107, 1.1504899990333477, 1727992825855638290
-0.2802783250808716, 0.7002933025360107, 1.1274100697911968, 1727992825885627032
0.914949893951416, 0.3740437626838684, 1.143900888441137, 1727992825915564769
-0.5971372127532959, 0.04110604524612427, 1.1026274569200216, 1727992825946522343
0.6179647445678711, -0.08826315402984619, 1.0686944106461005, 1727992825978729077
-0.5339773893356323, 0.5878176093101501, 1.3105356557251622, 1727992826005444816
0.3004937171936035, 0.32808631658554077, 1.1683138615529323, 1727992826035410915
-0.5673405528068542, -0.01173323392868042, 1.1784640839994964, 1727992826065373072
0.25674116611480713, 0.21085810661315918, 1.170720080187387, 1727992826095296463
-0.36629557609558105, -0.10350137948989868, 1.1408202702837567, 1727992826125216390
0.45755070447921753, 0.00126725435256958, 1.1256465291012612, 1727992826155226106
0.047216176986694336, 0.44371193647384644, 1.1246409090883895, 1727992826186074876
-0.31438499689102173, 0.7605054378509521, 1.0888206075102682, 1727992826217945647
-0.12006300687789917, 0.3413180708885193, 1.3045366112151522, 1727992826245127218
-0.261935830116272, 0.11294567584991455, 1.1915273025372408, 1727992826274965478
-0.057784318923950195, 0.156619131565094, 1.1679245786032921, 1727992826304960349
0.48890942335128784, -0.25451868772506714, 1.219913354237731, 1727992826333912485
-0.3842921853065491, 0.168928861618042, 1.1089768489310263, 1727992826364823483
0.2316751480102539, 0.6437418460845947, 1.1191038576318024, 1727992826394816041
-0.3808978199958801, 0.08878070116043091, 1.0656511273587064, 1727992826426375605
-0.14429253339767456, -0.1551276445388794, 1.084007209482385, 1727992826458267177
-0.3509255647659302, 0.49741822481155396, 1.3299290949890608, 1727992826484717462
0.4281829595565796, 0.3400012254714966, 1.1828578914409467, 1727992826514591058
-0.4468815326690674, -0.20624083280563354, 1.1308769711053714, 1727992826544535511
0.6149656772613525, 0.2243480086326599, 1.1231699373315625, 1727992826574508267
-0.1814185380935669, 0.3469200134277344, 1.1642841223000144, 1727992826604465836
-0.45092517137527466, -0.01353996992111206, 1.1528361738462942, 1727992826634425346
0.2083178162574768, 0.2493208646774292, 1.0924363519160303, 1727992826665877368
-0.3687414526939392, -0.012630581855773926, 1.1197176859372904, 1727992826697040927
0.11010962724685669, -0.013140499591827393, 1.3137584792413202, 1727992826724280882
-0.1851130723953247, 0.6010148525238037, 1.177487033826632, 1727992826754227623
0.020539700984954834, 0.5675867199897766, 1.1701758363463628, 1727992826784187130
0.2881430387496948, 0.4609886407852173, 1.1732423960902045, 1727992826814086083
0.18568748235702515, -0.13536053895950317, 1.171079611133039, 1727992826844111364
-0.4950592517852783, -0.06993299722671509, 1.155144112084405, 1727992826874039531
-0.097500741481781, 0.05162841081619263, 1.0846203216006967, 1727992826906299233
0.14767396450042725, 0.05043214559555054, 1.2488082954774733, 1727992826935020750
-0.4221761226654053, -0.11428874731063843, 1.2061285101551942, 1727992826964220566
0.37469327449798584, 0.03951621055603027, 1.1533694977792652, 1727992826994031887
-0.5889779329299927, 0.23946934938430786, 1.1742145000376034, 1727992827022908095
0.7665077447891235, 0.3120555877685547, 1.1000090444407247, 1727992827053745273
-0.6905819177627563, 0.07381731271743774, 1.1406843264637525, 1727992827083851042
0.171164870262146, 0.4359104633331299, 1.152868421203526, 1727992827113712826
-0.4029068946838379, -0.07236075401306152, 1.0753297637082506, 1727992827146024562
0.057045936584472656, -0.1409509778022766, 1.2721740462378885, 1727992827173583845
-0.2782248258590698, 0.09326016902923584, 1.1932370448672245, 1727992827203467713
-0.015884578227996826, 0.31751877069473267, 1.1906589392977425, 1727992827233412064
-0.20125633478164673, 0.7057179808616638, 1.173487402012934, 1727992827263338993
0.0936402678489685, 0.2880859971046448, 1.149163161945297, 1727992827293343450
-0.47570115327835083, 0.23746532201766968, 1.176907508059903, 1727992827323290497
-0.19020569324493408, 0.014276683330535889, 1.1365126558174339, 1727992827354381558
0.27129530906677246, 0.12057763338088989, 1.138929219443453, 1727992827386184071
-0.5116905570030212, 0.34990835189819336, 1.3195287458724867, 1727992827413124233
-0.03622490167617798, 0.016311049461364746, 1.1723694598160934, 1727992827443037047
-0.2766140103340149, 0.03882676362991333, 1.1733989171062986, 1727992827473075747
-0.1953830122947693, 0.41510874032974243, 1.133222498175243, 1727992827502942669
0.2649606466293335, 0.24838334321975708, 1.1767632595360942, 1727992827531918874
-0.4573493003845215, -0.35697096586227417, 1.159342368459994, 1727992827561892339
0.07793104648590088, 0.37866491079330444, 1.0914782220414143, 1727992827593731783
-0.16637694835662842, 0.5653016567230225, 1.0690524900717293, 1727992827626013933
-0.01613593101501465, 0.0955132246017456, 1.3262874437692265, 1727992827652686736
-0.3655281066894531, 0.6188249588012695, 1.1884498970795596, 1727992827682671133
-0.042536795139312744, -0.10492861270904541, 1.1884930656241197, 1727992827712621109
-0.5382412075996399, -0.21657931804656982, 1.1800912340947483, 1727992827742655531
0.40383028984069824, 0.07024598121643066, 1.1767627777052876, 1727992827772510891
-0.26531654596328735, 0.38095104694366455, 1.194379719715984, 1727992827802450192
-0.4445405602455139, 0.5299493074417114, 1.1314515923131885, 1727992827833811732
0.09095627069473267, 0.15143132209777832, 1.1155515323374423, 1727992827865590283
-0.40384477376937866, 0.36208397150039673, 1.306943423349857, 1727992827892327313
0.4217912554740906, -0.0345994234085083, 1.1596220186266646, 1727992827922285557
-0.3953694701194763, 0.0595395565032959, 1.1650179492557737, 1727992827952193543
0.12284624576568604, 0.19367718696594238, 1.1862923453794092, 1727992827981190893
0.19744688272476196, 0.6042139530181885, 1.126407793279545, 1727992828012127763
-0.16852617263793945, -0.04146450757980347, 1.1747580764012726, 1727992828042150035
-0.3461429476737976, -0.23418641090393066, 1.0851474697258092, 1727992828074270705
-0.11136066913604736, 0.5177677869796753, 1.1276805635752603, 1727992828104438234
0.12821882963180542, 0.4029017686843872, 1.252303143529969, 1727992828131941457
-0.21835851669311523, 0.32153481245040894, 1.153585451896546, 1727992828161869669
0.03833574056625366, 0.9073173999786377, 1.1478643447406067, 1727992828191784358
-0.4928590655326843, 0.24459272623062134, 1.1718511417197206, 1727992828221769662
0.23328375816345215, -0.09797501564025879, 1.1868836200664519, 1727992828251741381
0.40573567152023315, 0.2058846354484558, 1.1756916570057412, 1727992828281796398
-0.3453858494758606, -0.009005546569824219, 1.0595454567101414, 1727992828314346015
-0.4044060707092285, 0.16555655002593994, 1.2629354951633804, 1727992828341691299
0.031122803688049316, 0.6931259632110596, 1.182933866439974, 1727992828371530442
0.06385046243667603, 0.5969879031181335, 1.2052039817077511, 1727992828401566012
-0.41303467750549316, -0.031530022621154785, 1.1542619628193187, 1727992828431435569
0.42286384105682373, 0.36504852771759033, 1.1447811179445784, 1727992828461389343
-0.33326858282089233, 0.2929927110671997, 1.1612089193126325, 1727992828491321333
0.21376848220825195, 0.22034478187561035, 1.1120549092529213, 1727992828521868324
-0.41160476207733154, 0.2604359984397888, 1.0851879819803156, 1727992828553090842
-0.15052533149719238, 0.29084932804107666, 1.2980465441874, 1727992828580254857
-0.3795839548110962, 0.5385980606079102, 1.1430040411757727, 1727992828611133552
-0.030576646327972412, -0.20311284065246582, 1.1431057641687195, 1727992828641106850
0.12061494588851929, 0.016528308391571045, 1.1605488234186723, 1727992828671018822
-0.07018023729324341, 0.49743014574050903, 1.1664124837769305, 1727992828700972432
0.3134312033653259, 0.104037344455719, 1.2000962274922833, 1727992828729920335
-0.2636183500289917, 0.6172676086425781, 1.072370577618853, 1727992828762295778
-0.23092883825302124, 0.7299181222915649, 1.1205694407257105, 1727992828792906139
-0.25159335136413574, 0.15158051252365112, 1.2502158054830268, 1727992828820830040
-0.2472233772277832, -0.18007701635360718, 1.1625502804270182, 1727992828850749720
0.19021910429000854, 0.20810014009475708, 1.1668611757621066, 1727992828880705125
-0.3825579285621643, 0.3755747675895691, 1.1686231727073548, 1727992828910627918
0.09136193990707397, 0.24726396799087524, 1.1728245381308589, 1727992828940624587
-0.26312780380249023, 0.7623247504234314, 1.1519819734710761, 1727992828970640542
0.24445319175720215, 0.29689639806747437, 1.0853754008973941, 1727992829002419176
-0.38436567783355713, 0.10025513172149658, 1.0949252519548034, 1727992829033701203
0.3854304552078247, 0.2269878387451172, 1.26805290177403, 1727992829060457707
-0.2810661792755127, 0.4310030937194824, 1.1584753200385498, 1727992829090282338
0.14706659317016602, 0.35188090801239014, 1.147995624785967, 1727992829120284902
0.04330110549926758, 0.3302299380302429, 1.2388321253371433, 1727992829149180091
-0.28223174810409546, 0.456371545791626, 1.1456365335669674, 1727992829180179862
0.042508721351623535, -0.4246651530265808, 1.1422972344530757, 1727992829210356828
-0.3472496271133423, 0.2828971743583679, 1.1036760989120986, 1727992829240916012
-0.2244929075241089, 0.3516887426376343, 1.0742821827061244, 1727992829272338828
-0.10876667499542236, 0.24482709169387817, 1.2152635340100888, 1727992829300010390
-0.5451053977012634, 0.6057064533233643, 1.2057493738592637, 1727992829328905944
0.19336318969726562, 0.7009509205818176, 1.1537755922569848, 1727992829359884574
-0.303031325340271, 0.4122575521469116, 1.184668941106171, 1727992829389819593
0.3555026650428772, -0.3106502294540405, 1.1925534560356699, 1727992829419778153
-0.7214096784591675, 0.3218909502029419, 1.135612782265299, 1727992829450167831
-0.02549147605895996, 0.29192131757736206, 1.0703799303909904, 1727992829481952246
-0.5379513502120972, 0.226848304271698, 1.2119366845139896, 1727992829509706915
0.23994052410125732, 0.36745578050613403, 1.1223767702743501, 1727992829539638390
-0.2093486785888672, 0.6129727959632874, 1.1409617969506338, 1727992829569566448
0.13156211376190186, 0.1947295069694519, 1.1993569559130586, 1727992829599467644
-0.2928999662399292, -0.03067803382873535, 1.1728743030589817, 1727992829629456799
0.19748377799987793, 0.3454124331474304, 1.1222896636821045, 1727992829659413919
-0.7598490715026855, 0.24264252185821533, 1.1312380148604042, 1727992829689960566
0.03440052270889282, 0.5762665867805481, 1.0789641653273947, 1727992829722483206
-0.3437037467956543, 0.8432071208953857, 1.3085597481843279, 1727992829749287070
-0.1457182765007019, -0.15677094459533691, 1.143236789136674, 1727992829779165410
0.0772714614868164, -0.05383557081222534, 1.1663557580210144, 1727992829809173752
0.15644150972366333, 0.3684875965118408, 1.1513872243948406, 1727992829839098085
-0.26421433687210083, 0.04243028163909912, 1.1227458166785667, 1727992829869343424
-0.12159383296966553, 0.3772347569465637, 1.154610918011556, 1727992829899055066
-0.15000367164611816, 0.7666293382644653, 1.1397232626538467, 1727992829929967026
0.49254804849624634, 0.5216104984283447, 1.1145950796934314, 1727992829961970800
-0.441689670085907, 0.34167367219924927, 1.2775092199172284, 1727992829997889749
0.5754889845848083, 0.13609033823013306, 1.1265191240483379, 1727992830028862507
-0.6138189435005188, 0.35204100608825684, 1.1984999143226878, 1727992830057937385
0.9422685503959656, 0.41137343645095825, 1.0572155286609155, 1727992830090040776
-0.5465309619903564, 0.38157016038894653, 1.0351430112611317, 1727992830122302598
0.2948952913284302, -0.1203150749206543, 1.2947142509401803, 1727992830148810191
-0.38423800468444824, 0.4196974039077759, 1.144502517980746, 1727992830178737519
0.01615011692047119, 0.46478724479675293, 1.1453896525541496, 1727992830208681630
-0.45645105838775635, 0.3114064335823059, 1.1404741705848858, 1727992830238775788
0.4857754707336426, 0.9697949290275574, 1.1540878094263682, 1727992830268661192
-0.21809691190719604, 0.149255633354187, 1.1485145087740622, 1727992830298871987
-0.1397557258605957, -0.205180823802948, 1.07929832122914, 1727992830329996986
-0.16768932342529297, 0.1277058720588684, 1.108558792026782, 1727992830360458153
-0.05901747941970825, 0.26650887727737427, 1.2145911823947488, 1727992830388624883
-0.23892414569854736, 0.3513789772987366, 1.1291951857854352, 1727992830418685204
0.42997539043426514, 0.7747980356216431, 1.1448184861893196, 1727992830448642608
-0.26651185750961304, 0.5952763557434082, 1.1726850743102673, 1727992830478677531
-0.03163254261016846, 0.036892056465148926, 1.1524673188603651, 1727992830508619419
0.3687542676925659, 0.127294659614563, 1.1304249848513488, 1727992830539080343
-0.0008773207664489746, 0.2906896471977234, 1.1091453584965172, 1727992830570292139
0.10329574346542358, 0.5846450328826904, 1.200534465259813, 1727992830598160743
-0.17351466417312622, 0.36729514598846436, 1.1096663567641658, 1727992830628698854
-0.6704618334770203, -0.3094465136528015, 1.1708576299389712, 1727992830657835035
0.7255825996398926, 0.3407313823699951, 1.1244559259228073, 1727992830688446218
-0.5709025859832764, 0.4549557566642761, 1.1733104434633945, 1727992830717877937
1.1484354734420776, 0.2895074486732483, 1.160266523460943, 1727992830747596337
-0.20181959867477417, 1.0815329551696777, 1.1243082360636778, 1727992830778111791
0.38197070360183716, 0.20145773887634277, 1.0781789462823819, 1727992830810450810
-0.20119428634643555, -0.19178098440170288, 1.314910973372285, 1727992830837505102
-1.7404556274414062e-05, -0.010816574096679688, 1.160654683849394, 1727992830867378141
-0.663171648979187, 0.13914036750793457, 1.1252481350747854, 1727992830897389477
0.17714041471481323, 0.24869072437286377, 1.1374995790250317, 1727992830927257500
-0.24967044591903687, 0.5158070921897888, 1.182613396643937, 1727992830957278325
0.041545867919921875, 0.5890688896179199, 1.1771768775002132, 1727992830987214418
0.11360496282577515, -0.08220970630645752, 1.1070009367610325, 1727992831018408189
0.11529272794723511, 0.28242284059524536, 1.0739243813384536, 1727992831050566337
-0.06679409742355347, 0.5435055494308472, 1.2914394939983764, 1727992831077182627
-0.019852519035339355, 0.3512080907821655, 1.133581525242748, 1727992831107044089
-0.33937519788742065, -0.07799553871154785, 1.1541580842339463, 1727992831136979675
0.4202674627304077, 0.44078248739242554, 1.1750721119395555, 1727992831166937737
-0.40452641248703003, 0.48668694496154785, 1.144835863590381, 1727992831196862898
0.6843394637107849, -0.15909945964813232, 1.1758625614646214, 1727992831225914276
-0.07441765069961548, 0.37937748432159424, 1.0462508064210132, 1727992831258516343
0.19810885190963745, 0.14273548126220703, 1.0749202263097684, 1727992831290008344
-0.4021165370941162, 0.21529293060302734, 1.2915232921516442, 1727992831316827715
0.16852247714996338, 0.5588738918304443, 1.183762003891737, 1727992831346803210
-0.3836163282394409, 0.6667168140411377, 1.1894371601095264, 1727992831376592230
0.8148404955863953, -0.3245314359664917, 1.1938214525408286, 1727992831406532619
-0.29197806119918823, -0.09397494792938232, 1.1947803169352955, 1727992831436448649
-0.3438560962677002, 0.29355931282043457, 1.169175264982565, 1727992831466579955
-0.16666817665100098, 0.32343971729278564, 1.096003150708877, 1727992831498432054
-0.39205610752105713, 0.3192812204360962, 1.1389648452817271, 1727992831528861426
0.3320910334587097, 0.5166100263595581, 1.274683576249896, 1727992831556369497
-0.21897315979003906, 0.12087517976760864, 1.1849658122511055, 1727992831586190121
-0.1555640697479248, -0.014997720718383789, 1.1715385853828404, 1727992831616142917
0.6031647324562073, 0.13953369855880737, 1.1668007232031368, 1727992831646137692
-0.08628857135772705, 0.479713499546051, 1.1535612686362575, 1727992831676096513
-0.1674935221672058, 0.3730040192604065, 1.1221213501425722, 1727992831706598265
0.008242011070251465, 0.13192415237426758, 1.0804347670840884, 1727992831738249732
0.15514934062957764, 0.2773643732070923, 1.2645388445110848, 1727992831766043521
-0.6101589798927307, -0.19001924991607666, 1.1789201913116818, 1727992831795836343
0.8383760452270508, -0.28115320205688477, 1.171505115004461, 1727992831825839045
-0.573100209236145, 0.5190827250480652, 1.1667109419034152, 1727992831855744630
0.4068495035171509, 0.5587963461875916, 1.156305625513847, 1727992831885669252
0.01907479763031006, 0.3430989384651184, 1.1598406277499214, 1727992831915668817
-0.4208170771598816, 0.11942106485366821, 1.1038156623284414, 1727992831946402009
0.0038194656372070312, 0.30276572704315186, 1.0519984050839464, 1727992831978170444
-0.4661632776260376, -0.277588427066803, 1.2460105652273852, 1727992832005569961
0.09663188457489014, -0.03630411624908447, 1.1735636512262413, 1727992832035479677
-0.26068395376205444, 0.8004456162452698, 1.2197940075512164, 1727992832064403687
0.36383551359176636, 0.09168142080307007, 1.1787825385221504, 1727992832094349359
-0.5317391157150269, -0.22892075777053833, 1.1252938548200806, 1727992832125268325
0.67677903175354, 0.2879112958908081, 1.161274659951618, 1727992832155231489
-0.1432042121887207, 0.4790773391723633, 1.1363457893051911, 1727992832186284055
-0.29079341888427734, -0.24271970987319946, 1.0643704637356253, 1727992832218679867
0.22124826908111572, 0.2455761432647705, 1.3270401579582805, 1727992832245166542
-0.31998950242996216, 0.5388930439949036, 1.20022787279091, 1727992832275054325
0.17604684829711914, -0.14390891790390015, 1.1942571860538473, 1727992832304986560
-0.1630387306213379, 0.5421093702316284, 1.1587807269851096, 1727992832334972942
-0.01041555404663086, -0.15773826837539673, 1.1687123324127984, 1727992832363930956
0.008622467517852783, -0.3134555220603943, 1.0914257581862037, 1727992832394876148
0.029948115348815918, 0.36834561824798584, 1.1019904458297862, 1727992832426251562
-0.2910643219947815, 0.6564064621925354, 1.1017169806044325, 1727992832458146565
-0.21199482679367065, 0.1475561261177063, 1.309721213810579, 1727992832484719617
0.3936501741409302, 0.23043400049209595, 1.1575879923937813, 1727992832514649330
-0.5229269862174988, 0.006413280963897705, 1.1524149781296098, 1727992832544625434
0.48531508445739746, -0.06433701515197754, 1.1465015627197062, 1727992832574524271
-0.5757626295089722, 0.05373859405517578, 1.134482208388571, 1727992832604511335
0.35729295015335083, 0.2455441951751709, 1.1389571792537831, 1727992832634589485
-0.3787006139755249, 0.6558395028114319, 1.0891904131817054, 1727992832665765497
0.059660375118255615, 0.04879027605056763, 1.1808467474475515, 1727992832695540026
-0.31630176305770874, -0.10115450620651245, 1.2333342330892738, 1727992832724468937
0.6202250123023987, 0.17780429124832153, 1.1778833753335252, 1727992832754215501
-0.21038472652435303, 0.19145214557647705, 1.1407350372821339, 1727992832784214391
0.5213363170623779, 0.11824589967727661, 1.162684396257767, 1727992832814147771
-0.17808741331100464, 0.8002912402153015, 1.1680278434211595, 1727992832844105548
-0.019268035888671875, 0.3188161253929138, 1.1223353594254604, 1727992832874246439
-0.378787636756897, -0.17183518409729004, 1.0621531353669535, 1727992832906276637
0.1208147406578064, -0.0688440203666687, 1.2563958603832657, 1727992832933973636
-0.003536522388458252, 0.21864569187164307, 1.2228418954219185, 1727992832962904045
0.26235103607177734, 0.1818740963935852, 1.1389988489905911, 1727992832993866632
0.00808483362197876, 0.2302280068397522, 1.1773119264528997, 1727992833023802816
-0.0863160490989685, 0.5770173668861389, 1.1563917618114938, 1727992833053758387
-0.22582930326461792, 0.1274290680885315, 1.1389754295614918, 1727992833083746741
0.0032955408096313477, 0.17734819650650024, 1.1455732369519127, 1727992833114546607
-0.5211735963821411, 0.26751548051834106, 1.0759932404491819, 1727992833146957404
0.035478830337524414, 0.15626519918441772, 1.3154839654167478, 1727992833173668415
-0.5092748403549194, 0.21711218357086182, 1.1530351302823103, 1727992833203504406
0.5806919932365417, 0.32474517822265625, 1.1764120246522616, 1727992833233503529
-0.3710061311721802, 0.45606571435928345, 1.2220896455694266, 1727992833262422842
0.3172827363014221, -0.12740445137023926, 1.1310472235824984, 1727992833293345571
-0.32956963777542114, -0.025169551372528076, 1.1639097338683828, 1727992833323362089
-0.3951006531715393, 0.31802070140838623, 1.1270127390566511, 1727992833354136123
0.016649484634399414, 0.04406923055648804, 1.1075325296485077, 1727992833386358312
-0.23641663789749146, 0.6377739906311035, 1.3231612812847275, 1727992833413189822
0.43413352966308594, 0.4858449697494507, 1.1651638510784195, 1727992833443078307
-0.13584184646606445, 0.08190011978149414, 1.1477737298676074, 1727992833473099430
-0.20151466131210327, -0.38668292760849, 1.1416920340157648, 1727992833503031144
-0.13011401891708374, 0.18804150819778442, 1.1429137512307197, 1727992833532942652
-0.359160840511322, 0.23041611909866333, 1.149144459393608, 1727992833563007483
-0.18546193838119507, 0.14572590589523315, 1.104013497244754, 1727992833594514412
-0.5310819149017334, 0.461370050907135, 1.1103240232163976, 1727992833625804667
0.3135570287704468, 0.36562126874923706, 1.3264417728054683, 1727992833652774265
-0.5633588433265686, 0.066811203956604, 1.18914706571252, 1727992833682774929
0.6497184634208679, 0.08050310611724854, 1.1734832771016452, 1727992833712673589
-0.5462502837181091, 0.5007109045982361, 1.1635653641247001, 1727992833742818776
-0.01617717742919922, 0.24994945526123047, 1.1677631743737789, 1727992833772576442
-0.3203532099723816, 0.27745378017425537, 1.1496573557480936, 1727992833802639169
0.0293387770652771, 0.19726741313934326, 1.1320711741557985, 1727992833834154519
-0.5817760825157166, -0.19546037912368774, 1.1717393254005075, 1727992833864465903
0.36482083797454834, 0.21530020236968994, 1.233635918821058, 1727992833892334678
0.058382511138916016, 0.3506108522415161, 1.1733591194535715, 1727992833922376451
-0.18168729543685913, 0.5232542753219604, 1.146360737431028, 1727992833952327108
-0.10579448938369751, 0.5139541625976562, 1.1453041590197992, 1727992833982325653
-0.4645427465438843, 0.3712608814239502, 1.1393250300613043, 1727992834012338297
-0.2893698215484619, 0.23130720853805542, 1.1569947609087325, 1727992834042681204
0.1550910472869873, -0.06629109382629395, 1.1141952580763623, 1727992834074684817
-0.5103992819786072, 0.1212458610534668, 1.269813158112857, 1727992834102240238
0.23224884271621704, 0.5464605689048767, 1.1758787915576758, 1727992834132093366
-0.21736031770706177, 0.20617514848709106, 1.152483621024313, 1727992834162245137
-0.08232325315475464, 0.14794760942459106, 1.1573584201121399, 1727992834192342724
-0.2773923873901367, 0.25663965940475464, 1.1736481867542778, 1727992834221954687
0.03086918592453003, 0.3281118869781494, 1.171735983107268, 1727992834252003637
-0.33006298542022705, 0.5797995924949646, 1.139727267904991, 1727992834282615181
-0.04675447940826416, 0.21205174922943115, 1.104376065740204, 1727992834314257843
-0.47246038913726807, 0.42566144466400146, 1.2641483514302323, 1727992834341721412
0.6077569127082825, -0.4961513876914978, 1.1344809430332041, 1727992834371563288
-0.14520812034606934, -0.016377568244934082, 1.1476984463011788, 1727992834401543645
0.05114102363586426, 0.8455850481987, 1.1491386890074193, 1727992834431453435
-0.19212037324905396, 0.7185389399528503, 1.1546863545406547, 1727992834461470009
-0.36254239082336426, 0.1495499610900879, 1.1709584276955753, 1727992834491356914
-0.18576550483703613, 0.08284687995910645, 1.1301742448330265, 1727992834522602264
-0.2551407814025879, 0.4248201251029968, 1.1068041309495342, 1727992834554183298
-0.038861989974975586, -0.06968134641647339, 1.3074486309538047, 1727992834581285854
0.010162830352783203, 0.20212489366531372, 1.1639937488406564, 1727992834611196092
0.08919382095336914, 0.7898818254470825, 1.1237551246197657, 1727992834641179737
-0.35854554176330566, 0.28355348110198975, 1.1425376938660419, 1727992834671052945
-0.6345983743667603, 0.014912128448486328, 1.1489127171900633, 1727992834701050308
0.2374776005744934, 0.25832217931747437, 1.144599477691261, 1727992834731016881
-0.6460710763931274, 0.4764416217803955, 1.1240561952706112, 1727992834762168932
0.9327525496482849, -0.009549558162689209, 1.1086594507916459, 1727992834794270066
-0.63798588514328, 0.4994417428970337, 1.2910743337876758, 1727992834820944979
-0.06334775686264038, 0.42222005128860474, 1.126933461761205, 1727992834850754684
-0.45503610372543335, 0.2176210880279541, 1.1334618689636424, 1727992834880778829
-0.04741102457046509, 0.5689966082572937, 1.1412645754658401, 1727992834910714762
-0.4150390028953552, -0.09194046258926392, 1.1726610594129492, 1727992834940625821
-0.007714688777923584, -0.1301668882369995, 1.1647925907564045, 1727992834970615072
-0.0777655839920044, 0.5805599093437195, 1.1055166535601482, 1727992835002515275
0.37141942977905273, 0.711648166179657, 1.1708208378695575, 1727992835032363890
-0.3041042685508728, 0.4007420539855957, 1.2349359875827244, 1727992835060478258
-0.28551554679870605, 0.19996601343154907, 1.1584010836863812, 1727992835090380631
0.08978986740112305, 0.37271738052368164, 1.1642398387038713, 1727992835120329673
-0.3972981572151184, 0.22513866424560547, 1.1504851957651023, 1727992835150286434
-0.15813177824020386, 0.07920652627944946, 1.1368024134211345, 1727992835180538519
-0.28911298513412476, 0.05062931776046753, 1.1534513618662834, 1727992835210234136
-0.2760833501815796, 0.8231030702590942, 1.0604404543816843, 1727992835242234406
0.40898168087005615, 0.20519572496414185, 1.2465247902569916, 1727992835270172377
-0.2318735122680664, -0.10438895225524902, 1.1447371965485833, 1727992835300009310
0.13866448402404785, 0.6795183420181274, 1.1377335281335166, 1727992835329990088
-0.4130592942237854, 0.36775660514831543, 1.1595675913424863, 1727992835359973001
0.1365419626235962, 0.18353652954101562, 1.1629994861613147, 1727992835389857719
-0.5432972311973572, 0.8851442933082581, 1.165581389486074, 1727992835419863676
0.41590458154678345, 0.32520538568496704, 1.1424102818359814, 1727992835450440009
-0.5633637309074402, 0.21028637886047363, 1.0626955148807797, 1727992835482758958
0.2295827865600586, 0.11523836851119995, 1.2437130820902331, 1727992835509801151
0.1486119031906128, -0.027931392192840576, 1.1547956396461838, 1727992835539709890
-0.5948299169540405, 0.33688634634017944, 1.134608592401681, 1727992835569619207
0.1869206428527832, 0.6415362358093262, 1.1339371251358785, 1727992835599554481
-0.4662243127822876, 0.47850513458251953, 1.1741532298439323, 1727992835629467666
0.463204562664032, 0.3622296452522278, 1.170374974035914, 1727992835659481470
-0.08572202920913696, 0.6097981929779053, 1.0997680590753882, 1727992835690208132
0.32307034730911255, 0.18750017881393433, 1.023471535293164, 1727992835722573710
-0.6402925848960876, -0.018253803253173828, 1.2409688167404924, 1727992835749410322
0.24836599826812744, 0.24096959829330444, 1.1090658714867496, 1727992835779303252
